title,username,type,members,about,search_term,id
Bitcoin.com News,www_Bitcoin_com,channel,28492,"🚀 Get the latest Bitcoin, crypto, and global economic news in 25+ languages. Stay informed with timely, objective updates from Bitcoin.com News.

📢 Follow us on X: x.com/BTCTN
🌎 Read more: news.bitcoin.com
🔥 Advertising: ads@bitcoin.com",bitcoin,1097988869
Bitcoin,bitcoin,channel,244829,This is the top Telegram channel for #Bitcoin news and information. Inject the orange coin directly into your mind! 🍊,bitcoin,1193342710
Signals - Bitcoin and Ethereum,signalsbitcoinandethereum,megagroup,193796,"Bitcoin will do to banks what email did to the postal industry.

Write me 👉 @SignalsOw",bitcoin,1746203369
INDODAX - Indonesia Bitcoin & Crypto Exchange,indodax,channel,106693,"Platform Jual-beli Bitcoin dan Aset Kripto Terbesar di Indonesia #AsetMasaDepan

https://indodax.info",bitcoin,1393998726
Coinvestasi - Belajar Investasi Bitcoin💰🇮🇩,komunitascoinvestasi,megagroup,42461,"Belajar Bitcoin & Crypto gak pake ribet
www.coinvestasi.com 
Follow instagram.com/coinvestasi/
youtube.com/coinvestasi

Coinfest Asia ☀️ Festival Web3 terbesar di Asia. Beli tiketnya sekarang di 🌐 https://coinfest.asia/

Business Partnership: @nkskrdwyn",bitcoin,1370468017
iToken - Ethereum,iTokenEthereum,channel,23204,"A cloud based token spotter for alpha hunters and security conscious investors/traders.

Ad enquiries: @IndyInvest

Log: https://t.me/IndyReviews",ethereum,1696523760
Ethereum New Pairs | DexKoala,ETHNewPairs,channel,12360,"A channel that posts all new pairs created on the Ethereum blockchain.
Also on Twitter: 
https://twitter.com/ETHNewPairs

Official channels: 
https://twitter.com/DexKoala
https://t.me/DexKoala

DM @MichaelDexKoala for ads.",ethereum,1659246753
iToken Locked - Ethereum,iTokenLockedEthereum,channel,9184,"A filtered version of iToken that posts when liquidity is locked / burned. 

Ad enquiries: @IndyInvest

Log: https://t.me/IndyReviews",ethereum,1773662224
Ethereum Community Events,ethccweek,megagroup,3659,until ethccweek.fr 2025 👀,ethereum,1552463629
گروه اتریوم / آموزش فیوچرز,Ethereumy,channel,3868,"گروه آموزش اتریم🎗
🎁
مرجع معرفی صرافی های اتریوم و بیتکوین",ethereum,1434052694
ССenter – Blockchain and Bitcoin,Ethereumt,channel,1148,"СCenter is the #1 blockchain community

Contacts: @Andith",ethereum,1488831060
signals trading futures,signals_binance_trading_crypto,megagroup,39659,,crypto,2011750838
CryptoMetavers,CanalDePing,channel,5,,crypto,2225704507
CRYPTO WINSTON ™,crypto_Winston,channel,73212,"S11 membership fee 👇

1 month 49 USDT
lifetime 499 USDT 🎊

To subscribe to the #Premium channel, refer to the following ID 👇
‌
1- @premium10X_bot

2- @premium20X_bot

3- @premium125X_bot",crypto,1274522536
CryptoDeus Gems 💎🦍,CryptoDeusGems,channel,39528,"I am a Degen Ape sharing my ride. Always looking for new narratives and 1000x.

Nothing I share here is financial advice

Contact @CryptoDeus2 only DM for promo

Twitter https://twitter.com/CryptoDeus2",crypto,1355642881
Crypto Launch Search,CLS_channel,channel,3828,"Where we “try” to protect the community from scams and support good projects.

No Financial Advice in all of our posts. Always DYOR before buying.

Eng: @CLS_chat
Ru: @RussianApes

Owner: @babushkaape
Promotion: @cryptosellerbsc",crypto,1534833967
Crypto Malik Mumbai,Crypto_Malik_Prediction_IPL,megagroup,995183,,crypto,1989518223
DAMAN 🚀🚀 TASHAN CRYPTO,diuwin_wingos_ok,megagroup,124902,,crypto,2179175763
Crypto | Azam,crypto_azam,channel,205563,"Мы не пишем никому в личку! 
Это единственный канал! 

Блог серийного предпринимателя. Бизнес, инвестиции, свобода, мышление и жизнь без декораций

Реклама 
@supp_space_1",crypto,1153086394
Diamond exchange crypto,Diamond_exchange_tiger,megagroup,82410,,crypto,2073381104
Lottery 7 Official 🏅Crypto,crypto_Lottery7official,channel,194923,,crypto,1818389486
CryptoCapo TG,CryptoCapoTG,channel,133384,"Official and free Telegram channel of @CryptoCapo_ from Twitter.

This is the only TG that I have. Beware of scammers. I will never DM you first.",crypto,1864215962
Cryptoz,Cryptoz,channel,482990,"Cryptoz - Web3 crypto agency & media resources.

AMA | Binance Live  | Advertisement | Airdrop | Giveaway  | Education | 

CEO: @apollon_trade
Bd: @r1v3r6

Buy ads: https://telega.io/c/cryptoz

Chat @cryptoz_chat
Trade @cryptoz_trade 

Not financial advic",crypto,1001795925
CRYPTO NEWS,cryptocurrency_media,channel,50297,"Unleash the Power of Crypto News: Join the Original Telegram Source (Since 2017)

 Get ahead of the curve with real-time crypto news, in-depth analysis, and a thriving community at @cryptocurrency_media !

Boasting 100% authentic members!

#crypto #trade",cryptocurrency,1488075213
TTcoin | Cryptocurrency,ttcoinofficial,channel,113385,"TTcoin is a coin with its own blockchain https://tscscan.com . It also has smart contracts BEP20 - TRC20. It has over 20 million mobile miners.

🔗https://ttcoin.info

Global Group: https://t.me/TTcoinWorld
TTcoin Trees: https://t.me/TTcoinTrees",cryptocurrency,1242468335
Cryptocurrencies Channel,cryptocurrency,channel,5746,"Contact / proposals, message to 👉🏼 @bitchannelsbot

Bitcoin news: @bitcoinchannel 📢
Trading: @bitcoinsignals ⏰
Altcoins: @altcoin 📣
Extended updates: @emergingcrypto 📡
DAPPS: @ethereumdapps 🔹
Shopping with BTC: @bitcoinaccepted
Japanese: @btcjp",cryptocurrency,1003016265
Cryptomaniac’s guide to cryptocurrency,guidetocryptocurrency,channel,24242,Change your life with crypto currency. Message me  @cryptomaniac10x for any guidance and mentorship in crypto. 🚀✅,cryptocurrency,1882537606
Intelligent Cryptocurrency,intelligentcryptocurrencypublic,channel,10540,Public Updates from Intelligent Cryptocurrency,cryptocurrency,1603417521
ST Investment Group Cryptocurrency News,ST_Investment_Channel_09,channel,23882,,cryptocurrency,2178709112
Crypto | Bitcoin | Ethereum | Altcoin | News,Cryptocurrency_Inside,channel,55162,"Cryptocurrency ↪ Inside
⚠️ Crypto News 
⛓ Onchain analytics 
🗓 Market updates/insights

Admin  : @Mark_CryptoNews
Chat     : @Crypto_Chat_AMA
Twitter : https://twitter.com/Crypto_Inside_",cryptocurrency,1532957636
Coinlegs Cryptocurrency Signals,coinlegs,channel,6134,"Telegram Bot: @CoinlegsBot
Admin: @Coin_Legs",cryptocurrency,1163018514
Crypto,cryptocurrencyj,megagroup,1825,"Crypto nvestment project is a product of careful preparation and fruitful analyst work of experts in the field of mining, signal, highly profitable trade in cryptocurrencies and online marketing.",cryptocurrency,1226870923
crypto,cryptocurrency8,megagroup,270,آموزش از صفر تا صد ارزهای دیجیتال و درآمد آسان از طریق تجارت در صرافی های بین المللی و داخلی,cryptocurrency,1489566444
Cryptostream's Altcoin Research,cryptostream_research,channel,3518,"In this channel:

- Narratives
- Trade Ideas
- Crypto News
- Token Launches",altcoin,2042463052
Altcoins Channel,altcoin,channel,6507,"Channel for altcoins news and signals.
Contact / proposals, message to 👉🏼 @bitchannelsbot 

OTHER CHANNELS:
@bitcoinchannel 📣
@bitcoinsignals ⏰
@cryptocurrency 📢
@emergingcrypto 📡
@ethereumdapps 🔹
@bitcoinaccepted 🛍
@btcjp 🇯🇵",altcoin,1005254228
Altcoin Sensei | PRINT HOUSE 🖨️🏠,altcoinsenseigems,channel,2476,,altcoin,2002932829
Altcoinpost,altcoinpost1,channel,10012,"Daily crypto news and insights 🐳
Promotions/Ads ⮕ @barbarosssa
Instagram www.instagram.com/altcoinpost



#crypto #bitcoin #btc #ethereum #solana #xrp #ripple",altcoin,1365777738
Altcoins OGs,Altcoins,megagroup,683,"This groups is for Altcoin discussion, please visit @Whaleclubbtc for bitcoin discussion.

Listed in @CryptoGroups",altcoin,1128974741
ALTCOIN,altcoin8,channel,113,"Обзоры блокчейн проектов и криптовалют, участие в лучших баунти кампаниях и аирдропах, анализ альткоинов.
Youtube-канал ALTCOIN: https://www.youtube.com/channel/UCojkBn4PLbMt8pQtXRM6FeA",altcoin,1313445784
Altcoin,altcoino,channel,2,,altcoin,1757490383
Binance Ukrainian,BinanceUkrainian,megagroup,34190,"Офіційна група Binance Україна🇺🇦

Правила: /rules 

🔸Новини: @Binance_UA_official
🔸YouTube: youtube.com/BinanceUkraine
🔸Instagram: instagram.com/binanceukraine
🔸TikTok: tiktok.com/@binanceukraine
🔸X: x.com/BinanceUkraine
🔸Twitch: twitch.tv/binance",binance,1365086777
Binance Futures & Options Official [EN],BinanceFutures_Official,megagroup,6397,"Binance Futures Website:
https://www.binance.com/en/futures/

Official Campaign TG Bot:
http://t.me/OfficialBinanceFuturesBot

Binance Futures Testnet:
https://testnet.binancefuture.com/en/futures/BTCUSDT

Don't trust anyone DM'ing you first.",binance,1240173821
Binance Announcements,binance_announcements,channel,5529673,"Binance Official English Group
@binanceexchange
Binance Official Chinese Group
@BinanceChinese

Binance English Announcements
@binance_announcements
Binance Chinese Announcements
@binance_cn",binance,1146915409
Binance Moonbix Announcements,Binance_Moonbix_Announcements,channel,4467114,"Moonbix is a Binance crypto-themed game on Telegram Mini App game. Explore the galaxy, collect items, and boost your score!

Play Now: https://t.me/Binance_Moonbix_bot/start 
Join The Community: @binance_announcements",binance,2215700757
Binance,binancek,channel,501,"Информация по новостям на бирже бинанс и прочие крипто новости
My referral 22850978
https://www.binance.com/?ref=22850978",binance,1216760360
♻️BTCUSD TRADING SIGNALS,BTCUSDTRADINGSIGNAL1,channel,159233,"🟢Daily BTC/Forex Signals
🟢 Up to 98% accuracy
🟢+10 Years experience

⭐️Premium Access Contact: @BTCUSD_GURU1

⭐️VIP Registration ✅️",trading,2489311377
Equity Swing Positional Trading Calls,Positional_Calls_Swing_Trading,megagroup,558639,,trading,2016627826
PRO CRYPTO TRADING,PROBTRADING,channel,77942,"✅По вопросам сотрудничества: 
1️⃣Почта: sales@pro-blockchain.com
2️⃣Telegram: https://t.me/problockchain_sales",trading,1201452227
The trading femme,the_trading_femme_neha_jareda_g,megagroup,38768,,trading,1831181670
SpiderCrypto Trading Journal,spidersjournal,channel,33392,"Follow my journal for defi, NFTs, crypto, and shitcoins.

https://twitter.com/SpiderCrypto0x

I take paid deals at times so DONT BUY EVERYTHING I POST.

DM: @spidercrypto0x",trading,1164734593
Investimenti Trading e Crypto,tradingo,channel,3812,Analisi e previsioni per Investimenti trading online e criptovalute,trading,1195487806
CryptoZone,TradingCryptoZone,megagroup,90,"Welcome to Crypto Zone!
In this group,we share chats&discussions about everything crypto.Feel free to share ur charts and join our voice chats.
Important Rules:
- No scammers allowed
- Respect all members 
- Crypto-related discussions only.",tradingcrypto,2176255330
Happy Trading,TradingCryptoBi,megagroup,3399,Contact :@alexbord,tradingcrypto,1730632829
BEYOND ELITE TRADERS COMMUNITY 💬 ️️,tradingcrypto121212,megagroup,32,"⚡️ Next generation of ELITE traders ⚡️

Our values :

Community, hard work,discipline and indomitable spirit 🌊

                     BEYOND ELITE ⭐️",tradingcrypto,2468793428
📈 Crypto Trading Chat,tradingcrypto2026,megagroup,53,,tradingcrypto,2411719517
ابو عبدالله ( روبوت التداول الآلي ),TradingCryptoBOT_KSA,channel,110,رابط التسجيل : https://raqsy.com/s/P2RKY,tradingcrypto,1632612653
Trading crypto,tradingcrypto90,channel,195,@tradingcrypto,tradingcrypto,2497933644
🐺 SEÑALES CRYPTO WOLVES 🐺,tradingcryptowolves,megagroup,16036,"✅ Señales de spot y futuros
✅ Precisas y rentables
✅ Scalping y Day trading
✅ Económico
✅ 3 años de operativa pública.
✅ Acceso a nuestro portafolio para spot (compras y ventas)


 @CRIPTOWOLVES",tradingcrypto,1688461515
Trading Crypto,TradingCrypton,channel,1102,"Admin.       @zmrd1996

🌹 Channel recommendations and analyzes for digital currencies, investment projects and profit from the Internet 💚💚💚💚
💚 investment 💚 platforms 💚 profits $$$
 📌Spot Deals 
📌Investment deals 
📌Jewel coins",tradingcrypto,2185955114
Trading NFT Cryptos y sinteticos,tradingcryptox,channel,72,"🔰Signals Provider
📲 @forexytrading",tradingcrypto,1440183932
Pro Blockchain,Pro_Blockchain,channel,256046,"Канал про Bitcoin, Блокчейн, Криптовалюты, Трейдинг, Инвестиции. 

✅По вопросам сотрудничества: 
1️⃣Почта: sales@pro-blockchain.com
2️⃣Telegram: https://t.me/problockchain_sales

💎Бонус ТОП 10 криптовалют:
https://goo.su/tFVh5",blockchain,1111607220
PRO BLOCKCHAIN SQUAD,PROBLOCKCHAINSQUAD,channel,465296,"NOTCOIN | АЛЬТКОИНЫ | МЕМКОИНЫ

✅По вопросам сотрудничества: 
1️⃣Почта: sales@pro-blockchain.com
2️⃣Telegram: https://t.me/problockchain_sales",blockchain,2140267755
Blockchain.com,blockchain,channel,26580,"The official Telegram channel for the Blockchain.com team. You can verify that it's us by checking the handle @blockchain our support article here: 

 https://support.blockchain.com/hc/en-us/articles/4413805384852-What-are-the-most-common-scams-",blockchain,1449247732
TECTUM 🔗 Fastest Blockchain & SoftNote,tectumglobal,megagroup,77102,"✔️ Buy $TET on Uniswap: https://loom.ly/clby_yM

➡️ Official Links https://linktr.ee/tectumsoftnote

➡️ ANN Channel : https://t.me/tectumdriven

➡️ SN Website: softnote.com
➡️ Tectum Website: tectum.io",blockchain,1284662604
European Blockchain Convention Official,EuropeanBlockchainConvention,megagroup,2361,"Stay updated with the latest news and announcements for both the European Blockchain Convention and Digital Assets Forum.

https://eblockchainconvention.com/",blockchain,2095848553
Inery Official Community,inery_blockchain,megagroup,11303,"Welcome to Inery's official Telegram community! 👋 Inery is a decentralized database management system built on a proprietary layer-1 blockchain solution. 🌐 

With Inery, Web3 is just a node away!",blockchain,1406980245
Blockchain Malaysia,blockchainm,megagroup,708,,blockchain,1221467391
Blockchain Tech,blockchains,megagroup,202,For Sale,blockchain,1059347396
Blockchainr announcements,blockchainr,channel,106,"One dashboard, all of your assets.",blockchain,1631369967
Criptomonedas Ecuador - Canal,CryptoEcChanel,channel,495,El primer canal del Ecuador dedicado únicamente a la educación en criptomonedas.,criptomonedas,1159397501
Noticias Criptomonedas,bitcoinycriptomonedasoficial,channel,1261,Canal Oficial Noticias Criptomonedas Youtube,criptomonedas,1572736816
El Comercio: Criptomonedas Group,elcomerciogroup,megagroup,417,@elcomercio_cripto,criptomonedas,1851581815
Criptomonedas Colombia 🇨🇴📈📉,criptomonedas_colombia,megagroup,888,Grupo creado con el objetivo de orientar a los inversores en Criptomonedas en Colombia a sacar el máximo provecho de la tecnología Blockchain.,criptomonedas,1648054603
Senales Criptomonedas Trabajo Online,senales_cripto_trabajo_online,channel,39006,"▶️La información del canal no es asesoramiento financiero.
❗️Advertencia: Operar en Forex y con apalancamiento conlleva riesgo y posible pérdida de capital.
Normas completas en el mensaje fijado",criptomonedas,1862082422
Gratis Criptomonedas Señales (AI),Libre_Indicadores,channel,36176,,criptomonedas,2254561492
Criptomonedas para novatos,criptomonedasparanovatos,megagroup,75,"""En los mercados, el órgano más importante es el estómago, no el cerebro""",criptomonedas,1153210749
Inverarg: invertir en Bolsa Y criptomonedas,criptomonedasp,channel,1029,"https://youtube.com/@inverarg

Inverarg: canal invertir en Bolsa Y criptomoedas para manejo de cuentas en criptomonedas, videos de YouTube y programas de inversión.

mensaje : @Inverargcriptomonedas",criptomonedas,1820698480
CRIPTOMONEDAS 18+,CRIPTOMONEDAS4,channel,102,"Buy crypto - https://clck.ru/SVGBk

FREE BONUS CASINO -  https://1huh.short.gy/1WIN_casino

FREE BET - https://1huh.short.gy/regg",criptomonedas,1926098093
Coinbase Italia Official 🇮🇹,CoinbaseItaliaOfficial,megagroup,4366,"Benvenuti nella Community Ufficiale Italiana di Coinbase 🇮🇹 - Il tuo hub esclusivo per guide dettagliate, approfondimenti e notizie.

NESSUN ADMIN TI SCRIVERÀ MAI IN PRIVATO",coinbase,1616815177
Coinbase English,English_Coinbase,megagroup,2732,"Coinbase Official English Group

 •Coinbase Trade Bot  
@Coinbase_X_Bot
 •Support
@coinbaseask
 •Website
https://www.coinbase.com/
 •Blog 
https://www.coinbase.com/blog
• Twitter 
https://x.com/coinbase
• Facebook
https://www.facebook.com/Coinbase",coinbase,2093081022
Pre-screen for ShibaSwap: $SHIB $LEASH $BONE,ShibaInu_Dogecoinkiller,channel,111322,,dogecoin,1110157505
Shiba Inu: The Dogecoin Killer,shibainuthedogecoinkiller,megagroup,72611,,dogecoin,1494395620
Dogecoin,TheDogeHouse,megagroup,3244,Listed in @CryptoGroups > @CurrencyDirectory,dogecoin,1049696652
Nano DogeCoin | INDC,NanoDogecoin,megagroup,2855,"Twitter:🐥 
NanoINDC

Notification:📣
@NanoDogecoinNotifications

Donations:🎁
@NanoDogecoinDonations

Chinese:🇨🇳 
@NanoDogecoinChina

Spanish:🇪🇸
@NanoDogecoinSpanish

Italy:🇮🇹
@NanoDogecoinItalia

France:🇫🇷

Website:🌎
https://indc.app/",dogecoin,1295496458
КРИПТОВАЛЮТА l ТОРГОВЛЯ l ИНВЕСТИЦИИ,dogecoinpumppp,channel,1467,"Связь (trader) -  


Чат - https://t.me/dogecoinchat7",dogecoin,1391126191
Dogecoin to the moon 🚀,cryptoeats,channel,1192,"A new innovative food delivery app accepting cryptocurrency payments. 

Www.CryptoEats.Co.uk",dogecoin,1526151191
Dogecoin Tipbot Group,dogetipbotgroup,megagroup,2729,"Join @dogegames for game announcements 🎉

Buy ads: https://telega.io/c/dogetipbotgroup

DM @Inuyasha_24 for ad/promo details",dogecoin,1264980843
Dogecoin,dogecoin6,megagroup,437,"Dogecoin is an open source peer-to-peer digital currency, favored by Shiba Inus worldwide.",dogecoin,1289833045
Pre-screen for ShibaSwap: $SHIB $LEASH $BONE,DogeCoinl,channel,96,,dogecoin,1976636239
Scopuly - Stellar DeFi Platform,scopuly,megagroup,21074,"Scopuly - Stellar DeFi Wallet
News: @scopulynews
Website: scopuly.com
X: x.com/scopuly",defi,1386212030
unfolded. DeFi,unfolded_defi,channel,20564,Latest DeFi market insights | @unfolded,defi,1569666929
The Tribunal Court of Defi,TheTribunalCourt,channel,6218,"Owners:  @NFTDefiFutures


Discussion channel: https://t.me/TribunalCourtOfDefiChat",defi,1699332255
DeFi,de_fi,megagroup,8858,,defi,1343577910
Recargas Y CriptoDivisasVE,RecargasyCriptoDivisasVE,megagroup,144,"Sean BIENVENIDOS aqui podran recargar su saldo de las siguiente plataformas:

✅ Movilnet       ✅ Digitel
✅ Movistar       ✅ Cantv
✅ Simple Tv     ✅ Inter          
✅ Movistar Tv  

Vender tus Divisas: 

✅Uphold ✅Payeer ✅ USDT
✅ Criptomonedas",criptodivisas,1498399988
Scalping CriptoDivisas FREE,ScalpingCriptoDivisas,channel,8,"📊Informe de operaciones
http://bit.ly/Scalping-CriptoDivisas-Informe

🔰Beneficio canal FREE mensual🔰
🔥+100% 

🔰Beneficio canal VIP mensual🔰
🔥+200%

@Divisas_FOREX",criptodivisas,1389746610
Criptodivisas,criptodivisas,megagroup,10,Úlltimas novedades en blockchain y finanzas descentralizadas.,criptodivisas,1694936189
Actualidad Criptodivisas,actualidadcriptodivisas,channel,16,Noticias frescas!📈,criptodivisas,1381259297
🇪🇸 Chatear ● Ganar ● Ganar ● Comprar ● Criptodivisas ●,crypto_ton_airdrop_es_chat,megagroup,95,,criptodivisas,2227853319
{STS} Canal oficial de Criptodivisas,STScanalcriptodivisas,channel,70,,criptodivisas,1270041523
CriptodivisasChile Trading,CriptoDivisasChileTrading,megagroup,40,,criptodivisas,1146470181
USDT Inversions Y Compra y Ventas Presenciales💱🥇📶🌍,CriptoDivisasUsdt,channel,3,"Canal Solo De compra y venta de USDT Presencial A nivel Mundial🌍💫🎡
🇻🇪🇨🇴🇺🇲🇨🇱🇧🇴🇪🇨🇺🇲🇪🇺🇵🇹🇪🇸🇧🇷🇻🇬",criptodivisas,2484106762
Elliott Wave forex,Elliott_Wave_Forex,channel,31974,"📌 Why Forex Trading is Better than Indian market?
1) 24 Hour's Market Time
2) No Premium Decay 
3) High Margin To Maximize Gains
5) Forex Trading can Be Done With 150-200 Dollars 💰
6) Instant Deposit Withdrawals 📈

Contact:👉 @Forex_Trader_teams",forex,2249347109
Gold Pro Trader 📈,Forex_Signal_Gold_Pro_Trader,channel,56986,We will be provide #Xauusd #gbpjpy #btcusd Signal with High Accuracy,forex,1811069819
Forex Signals premium news,forex_signals_premium_index_news,channel,39507,"✔️5 FREE Forex, Gold, Index trading signals a day

✔️BEST VIP SIGNALS +1000 pips/week 

✔️FREE COPY TRADING",forex,2263666394
GBP/JPY FOREX SIGNALS,Gbpjpyforex_signals,channel,82268,"We give out both forex signals and indicators🚦 as well as strategy and teach forex✅ 
- Live trading📲
- Signals📊
- Private Q&A groups 
📉For VIP paid services 
CONTACT ADMIN ☎️ @Chat_Akeem_Mayi",forex,2640132325
Forex Gold Sinyal,forex_new,channel,70224,Piyasanın en iyi analizcilerin olduğu tek kanal - İletişime geçmek için : @Signal_goldens,forex,2072387989
Forexsignal.io🇬🇧🇺🇸,forexsignals01_trade,channel,752888,"t.me/LOUIS_DONALD_ADMINFX
Best Telegram Channel for Forex Signals and Investment plans
-Our Forex Signals & Technical Analyses Are Based On Price Action, Momentum, and Previous Active Price Points
-Weekly 1000+ forex.
🔰 CONTACT

t.me/LOUIS_DONALD_ADMINFX",forex,1942594776
Trade with DD,forexl,channel,5110,"http://t.me/forexl
👉 Don't loss your mone With Scammer click on link and Get Signals free
👉 Profitable managers 15% Maximum Drawdown make Huge profit life time
+923060489141📲
https://whatsapp.com/channel/0029VaXgS8d30LKGthOFIe0n",forex,1092443297
VFX MAIN CHANNEL,vfx_fxx,channel,1838,"Trading insights & market updates.
Educational content. Smart strategies.
No financial advice. No hype.",fx,2586937373
Forex Trading,forextrading_az,channel,7176,Forex-lə bağlı maraqlı paylaşımlar və bilgilər📈📚📌,forextrading,2334878089
forex trading with abdalhady,forextradingwithabdalhady,channel,2351,"""When you know how to use time with price then you know how to trade""
متى عرفت كيف تستخدم الوقت مع السعر فانت تعرف كيف تتاجر",forextrading,1071172551
🏆𝐅𝐎𝐑𝐄𝐗 𝐓𝐑𝐀𝐃𝐈𝐍𝐆 𝐌𝐀𝐒𝐓𝐄𝐑🏆,forextradingmastersi,megagroup,2929,"👍Forex & Binary Account Management Service is Available👈 
🌸Minimum 100$ 200$ 300$ 400$ 500$ 1000$ To Unlimited
🤙50%50. Profit share
Profit Sharing Methods Through Skrill,Netler,BTC, Webmoney, Perfect money
     
☎️ @Sharique55
🖕🖕",forextrading,1680693006
𝑭𝒐𝒓𝒆𝒙 𝑻𝒓𝒂𝒅𝒊𝒏𝒈 𝑪𝒚𝒑𝒓𝒖𝒔📈💱📉,ForexTradingCyprus,megagroup,1207,"𝑆𝑢𝑝𝑝𝑙𝑦 & 𝐷𝑒𝑚𝑎𝑛𝑑 𝑇𝑟𝑎𝑑𝑒𝑟  

𝑃𝑟𝑜𝑝𝑓𝑖𝑟𝑚 𝑎𝑛𝑑 𝐷𝑎𝑦 𝑇𝑟𝑎𝑑𝑒𝑟

𝐶𝑜𝑛𝑡𝑎𝑐𝑡 𝑀𝑒 @RichieOneFx",forextrading,1532148260
GOLD VIP SIGNALS,forextradingMaster2230,megagroup,1546,"👍Forex & Binary Account Management Service is Available👈 
🌸Minimum 100$ 200$ 300$ 400$ 500$ 1000$ To Unlimited
🤙50%50. Profit share
Profit Sharing Methods Through Skrill,Netler,BTC, Webmoney, Perfect money
     
☎️ @Javidali13
🖕🖕",forextrading,1549509325
⚠️Discontinued ⚠️,ForexTradingHQ,channel,1017,"This telegram is for educational and learning purposes.

Disclaimer: Trade at your own risk. Results may vary. Past performance does not guarantee future results. Never risk what you're not willing to lose.",forextrading,1442936465
Forex trading 5,Forextrading5,channel,153,forex trading Expert #xauusd   invest 10k for  10% profit my team join now,forextrading,2178298490
Forex Trading Signals JS,ForexTradingJ,channel,41,"〽️Daily Forex Signal
〽️85-95% accuracy
〽️VIP SIGNALS $15

#COPY_TRADING_Service",forextrading,1754950575
ForexSignals.Com📊 ®️,Forexsignal_comm,channel,24170,"10 Years Experience in 👇
#BTCUSDm
#XAUUSDm
#GBPJPYm
#GBPCADm
#GBPAUDm
#GBPCHFm
#GBPUSDm
#US30m
#EURJPYm
#EURNZDm
#CADJPYm
#AUDCADm
#EURCADm
#EURCHFm
#EURAUDm
#USDJPYm
#USDCADm
#NZDUSDm

Contact Admin📲:

 https://t.me/Team_Support_Admin01",forexsignals,2383746942
ForexSignals,ForexSignals,channel,3681,"🔴🟠🟡⚪️
https://t.me/ForexCalendar
🔴🟠🟡⚪️
☘️ The first channel of forex signals
☘️Daily 2-3 free signals

Support English:@wikionline

https://www.paypal.me/wikionline",forexsignals,1005437351
FOREX SIGNALS BLUE PIPS,ForexSignalsBluePips_official,channel,18083,"📌 Why Forex Trading is Better than Indian market?
1) 24 Hour's Market Time
2) No Premium Decay 
3) High Margin To Maximize Gains
5) Forex Trading can Be Done With 150-200 Dollars 💰
6) Instant Deposit Withdrawals 📈

Contact:👉 @Forexpaid_signals✅",forexsignals,2410904482
Forex Signals 🔥💰 XAUUSD,forexsignalsxauusdl,channel,24719,"Channel that made on public demand and because of Accuracy we hold🔥 and Massive Profits we make 💰

Contact: @Ahmedforexs",forexsignals,1819203875
Forex Signals🔥💰 XAUUSD,forexsignalsxauusd,channel,14024,"Channel that made on public demand and because of Accuracy we hold🔥 and Massive Profits we make 💰

https://forexsignalsxauusd.com",forexsignals,1249508741
ForexSignals.io 🇬🇧,Official_ForexSignals,channel,9858,"Forex Professionals 🇬🇧
15+ Years Combined 

Gold/US30/NASDAQ/FX 

Get VIP Access 🤖 
✅ @FXSio_Bot

👨‍💻Start COPYING our VIP trades Automatically…
🚀🔥 https://app.copygram.app?via=forexsignals",forexsignals,1326583812
Forex Trading Spot - FREE,forexsignalsspot,channel,4230,"LET’S MAKE TRADING EASIER TOGETHER 🚀

Our website:
👉🏼 https://forex-trading-spot.com

Contact us: 
👉🏼 @forex_signals_spot_admin",forexsignals,1288801292
Forex_Signalsz,forexsignalsz,channel,5097,"Email: fsignalss@gmail.com
Id support: @ffsignalss
Persian,english
FREE SIGNALS FOREX GOLD BITCOIN
تحلیل های بلند مدت فارکس
سیگنالهای رایگان فارکس ؛ استراتژی رایگان فارکس ؛ کانال ویژه سیگنال رایگان- بیش از 9 سال تجربه",forexsignals,1375094118
Synthetic Indices Signals 24/7 📈,forexsignalsr,channel,103,"Vix, Boom, Crash, Step Index etc. Signals
Respect risk management all times
Follow the discipline",forexsignals,1268395206
Forex Market Seasonal Patterns,ForexMarketSeasonalPatterns,channel,1159,,forexmarket,1692892313
FOREX MARKET KILLER 📊🔥👌,forexmarketkillerfreechannel,channel,32,"BUILDING AN EMPIRE: 
Welcome to our FMK Trade Group:

This is where we discuss All Trading Topics 📈 & Help each other grow in the markets Daily!!",forexmarket,2441811985
Forex Binary trader,forexmarketkiller729,channel,8813,"☑️Account Management Details:
🔥Minimum 100$
👍50/50 share Profit
🚜Max Drawdown 10%
🏌️‍♂️95% Accuracy
🏌️‍♀️Every Broker Accepted 
Contact admin    @joviservices",forexmarket,2269472682
أسواق الفوركس| Forex Markets,ForexMarketsHub,channel,2484,"💹 كل جديد عن عالم الفوركس بين يديك!
تحليلات لحظية – فرص تداول يومية – آخر أخبار العملات.
تابع أقوى أزواج العملات مع تغطية فنية وأساسية محدثة!
#فوركس #تداول #تحليل_فني #عملات_أجنبية",forexmarket,1377696292
Forex gold vip,forexmarketmaste,megagroup,2517,"* وَتُعِزُ مَن تَشَاء وَتُذِلُ مَن تَشَاء
#REAL ACCOUNT MANAGEMENT AVAILABLE 
✅100% 
✅100% real 
✅100% profits guaranteed 
✅Safe and very reliable 
✅Invest with us and get your profits
✅100% trusted platform
Click 📥 @Zaidkhan218",forexmarket,2147499946
Learn trading | Forex!,Forexmarketsss,channel,2594,"Every details about Forex trading.
 Request and Learn how to trade forex.

We advise you to carefully consider whether trading is appropriate for you based on your personal circumstances. You may lose more than you invest.❗️

Creator 👉 @blackish65",forexmarket,1998579103
Forex market trader,forexmarket0,channel,23,Make frofit make money 💰💰,forexmarket,1504886592
Forex Market,forexmarketf,channel,6,,forexmarket,1774157395
Forex Academy,forexmarketq,channel,3,"We are experienced team of forex trading if you are in loss join with us for  free profitable trades 
💰💰",forexmarket,1846594677
headlines,headlines_for_traders,channel,122314,"▪️сенсационные новости
▪️для трейдеров и инвесторов
▪️со всех мировых источников

@headlines_QUANTS
@headlines_FOREX
@headlines_GEO
@renat_vv

реклама @hh_vvv_hh

https://knd.gov.ru/license?id=673b83186afad41667ca2e04&registryType=bloggersPermission",trader,1308785417
Gold Trader Mo 🤴🏽(PREMIUM ),GaryGoldTradermoves,channel,11620,"GTMO International 🌍

📣 daily 4-6 Trading Signals
📝 daily live results
 #GTMO #Goldtradermo #Xauusd",trader,2402447086
HINDUSTAN TRADER,hindustan_trader_7,channel,35786,,trader,2088103991
GARY GOLD TRADER,Gary_TheTrader,channel,198350,"👑 GARY 👑

Free Education & Signal Daily 📉
Focus on Gold/XAUUSD 📈
5 years of Experience 📉
Global Gold Trader 📈
Sharp Entry & Sniper Entry 📉",trader,1774783341
HINDUSTAN TRADER 🔥🔥,hindustantrader_0,channel,210440,"#Hindustan_trader #Hindustan #Trader
𝐃𝐈𝐒𝐂𝐋𝐀𝐈𝐌𝐄𝐑 :-
This channel is for stock market study and learning purposes only.  providing all view for educational purpose only. Analyze and trade at your own risk",trader,1152572031
Bybit Bayanihan Traders Annc,Bybit_Bayanihan_ann,channel,1017,"Bybit is a cryptocurrency spot and derivatives exchange offering inverse, linear perpetual, quarterly futures contracts with up to 100x leverage.

Site: https://bybit.com
Ann: https://t.me/Bybit_Announcements
FB Group (PH): https://bit.ly/2YfqndD",trader,1502595270
Day Trading,daytradingIG,channel,21826,"Realtime alerts on Stocks, Crypto, Technology & News",daytrading,2424165663
Day Trading Rauf’s Group,DayTradingRauf,channel,6933,"Creating independent traders. 

Only account : @DayTraderRauf",daytrading,1644912152
XRP Daytrading,XRPTraders,megagroup,2278,XRP Trading,daytrading,1377698872
DayTradingTürkiye - HEKATRADER,daytradingturkiye,megagroup,216,,daytrading,2632692076
Daytradingltd ENURI platform,DayTradingLtd1,megagroup,762,"MR.PERSAUD

For those who wants to recover accounts, you guys can try follow Persaud entry okay. I have 5 years experience in Gold trade. We will grab the market together 😉

Beware of scammers pretending to be me. No account managements ‼️

Only contact",daytrading,1248854444
WIELAND TRADES,wieland_trades_daytrading,channel,85,I DayTrade Futures Live on Youtube! 9am Est !,daytrading,2415292893
Trading2ez: Daytrading-Signals,trading2ez_Signals,channel,548,"Welcome to our Daytrading-Signal-Service! 

I hope you will enjoy your time here and have some awesome trades with us. 

1. Read pinned message please.
2. Community-Chat -> t.me/trading2ez_chat",daytrading,1384158665
day trading institution official™,daytradingi,channel,2360,,daytrading,2465442142
DAY TRADING INVESTMENT LTD,daytradingn,megagroup,31,,daytrading,1446944486
"CURRENCY TRADING USDINR,GBPINR, EURINR, JPYINR",currencytradingcalls,channel,1004,We provide calls for currency trading. We provide calls only when we are 90% sure. Earning made simple by us. Trade on ur own risk. We r not responsible for any losses held by u.,currencytrading,1485092935
Financial Focus,currencytradinginr,channel,154,"INDIA'S FIRST ACTIVE GROUP OF INDIAN CURRENCY TRADING AND STOCK

DAILY  UPDATES,

EDUCATIONAL STUFFS,

DISCLAIMER:
We are not sebi registered analyst.All posts here are for educational purpose. We are not responsible for any losses or profit you make.",currencytrading,1433157624
TREAD WITH VISHAL,Currencytradingusdinr,channel,10,"We are Not Sebi Registered Before Enter The trade Do Your Own Research

@Vishal4727",currencytrading,1353069239
外汇交易24小时交流群📈📊📉,CurrencyTradingXHS,megagroup,6,,currencytrading,1687331311
Currency trading,currencytradingskill,channel,5,"Currencytrading, usd, euro, dinar",currencytrading,1346220051
Currency Trading,Currencytrading1,channel,1,"It's just my view
Twitter: https://twitter.com/Umangkakadiya07?t=Xq0dgsGbz3CoEiyoh0tHZQ&s=09",currencytrading,1627851102
Forex Gold Signals,Gold_pips_signals,channel,80392,Piyasanın en iyi analizcilerin olduğu tek kanal -,pips,1814562728
1000pips Builder official,pips_1000_Builder_official,channel,13351,#1000pips Builder (Free signals),pips,2494813464
PipscallsDegens,Pipscalldegens,channel,7577,"Let's play degens, let's have fun everyone and keep printing your money #NFA #DYOR 

Owner @Pipstune Twitter @Pipstune",pips,2071239665
1000PIPS BUILDER (FOREX_MARKET),PIPS_1000000,channel,26086,"✅Safe Account Management
✅Always Safe Your Capital Equity
✅No Risk No Loss
✅Daily Huge Profit",pips,2257898414
crypto scalping,crypto_scalping_live,channel,10395,https://t.me/+6qvAddSfdF05YzMy,scalping,1723178368
XAUUSD/GOLD SCALPER,XAUUSD_SCALPING_SIGNAL_S,channel,9982,"Welcome to XAUUSD/GOLD SCALPERS 

Don't be in a hurry, join and Stay tuned.

We have the best Forex signals 

Turn on post notification so you never miss a single signal💯 Admin @GOLD_SCALPER_ADMINN",scalping,2112794995
FOREX SIGNALS SCALPING,Forex_Signals_Scalping,channel,34446,"Forex Signals scalp trades.

We are experts in short term trades. 

Free Forex Signals and Analysis.",scalping,1605448798
💯 99 FX SCALPING - FOREX & GOLD SCALPING,Fx99Scalping,channel,17720,"✅ Forex and Gold Signals
✅ Scalping and Swing Signals

Support @SPFX99",scalping,1440695174
Gold Scalping Signals,hmdgoldsignals,channel,1181,Gold Scalping Signals,scalping,1909416531
Mr Scalping,mrscalping0,channel,36119,"I am not a SEBI Registered Analyst, Anything posted here is my own analysis and Views.
Always consult your Financial Advisor before taking any decision.",scalping,1910942875
Dhan - Stock Trading & Investing,JoinDhan,channel,46382,"Invest and trade in Equity, ETFs, Commodity, Currency. Zero Account Opening Fees, Zero Annual Maintenance Charges. 🚀",investing,1329929095
Investing.com Türkiye,InvestingTR,channel,2271,"Investing Türkiye resmi Telegram kanalı.

tr.investing.com",investing,1641285494
investing,investing,channel,14550,"Финансовые, фондовые, криптовалютные рынки и политика.

Информация публикуется в ознакомительных целях и предназначена для лиц старше 18 лет.

Возможны ошибки, рекомендуем самостоятельно проверять важную информацию.

Контакты @r4zr1 @kub3r4",investing,1369248634
Investing Beanstock DAO,investingbeanstockdao,megagroup,2017,"Feel free to discuss anything about crypto, investing or personal finance, but please refrain from using vulgarities/link shilling or soliciting. You will be blocked.

Blog Post Updates: investingbeanstalk.Wordpress.com/blog",investing,1554026478
Easy Investing,undervaluedshares,channel,2263,"Фондовый рынок США. Долгосрочные инвестиции. Публичный портфель. Фундаментальный анализ. Новости недели. Составление портфелей.

Наш бот: @NavigatorOfEasyInvesting_bot
Автор: @j_suvalov
Подробнее: https://taplink.cc/j.shuvalov",investing,1480716590
InvestFund,investingfund,channel,4605,"Startup investment & fundraising Material and Insights;
Join our group for discussion:
https://t.me/investingfundGP",investing,1316525822
investing,investingj,channel,531,,investing,1771947635
Investingz ipo,investingz,channel,260,"Канал об инвестирование в фондовый рынок и IPO.
Делюсь своими сделками и рассказываю про свой путь в мире инвестиций.

Моя личка: https://t.me/vladi7",investing,1178580990
INVESTING LONG TERM,investingl,channel,198,"disclaimer 
This telegram group is created for educational purpose only. IAM NOT SEBI Registered Analyst. Kindly contact your financial adviser before taking any Trade.
No fees are required to join this group",investing,1575281311
Альфа-Инвестиции,alfa_investments,channel,692329,"Официальный канал Альфа-Инвестиций с инвестидеями, прогнозами и советами.
№ 5543732961
Дисклеймер: https://alfabank.st/site-upload/f9/a3/3248/disclamer.pdf
Реестр РКН: https://knd.gov.ru/license?id=6762bd30506f967728351e30&registryType=bloggersPermission",investment,1418181070
Газпромбанк Инвестиции,gpb_investments,channel,44054,"Сервис для инвестиций для новичков и экспертов. Читайте аналитику, слушайте эфиры и выбирайте, во что инвестировать.

🎙 Эфиры: https://gpbinvestments.mave.digital

⚖️ Дисклеймер: https://gpbin.app/disclaimer

🌐 РКН: https://gpbin.app/rkn_tg",investment,1056908994
БКС Мир инвестиций,bcs_world_of_investments,channel,37899,"Официальный канал БКС. Новости компании, продуктов и сервисов. Прямая речь экспертов и первых лиц. 

📱Приложение: https://s.bcs.ru/xgwl 

✉️ Связь: ifs@bcs.ru

⚠️ Дисклеймер: https://bit.ly/3OujUzz",investment,1734066007
Dubai Investment Fund,DIF_Worldwide,channel,10797,"Established in 2001, the Dubai Investment Fund (DIF) is a private independent international investment management company.",investment,2348048888
LifeTime Investments Hub,LFTai,channel,4461,"Embracing passive income through our trading system is a smart choice for those seeking a reliable and stress-free way to grow their wealth

Admin - @LetsGoForexAdmin",investment,1153688495
Alex Web3投资备忘,Alex_xu_investment,channel,2334,分享Web3和投资相关的好内容，以及对于内容的思考，内容选取和思考都具有很强的主观性，仅供参考。不定期因为有事或休息开天窗。,investment,2205515142
ОБЩИЙ ЧАТ. Investment X🏛,investmentX,megagroup,344,"💬﻿ОБЩИЙ ЧАТ: @investmentX
💬﻿НАШ КАНАЛ: @investment_X
💬﻿Помощь: @investmentX_support",investment,1318544156
İnvestment2,investment2,channel,137,مدیریت زمان,investment,1011787735
Fi - US Stocks,FiUSStocks,channel,2686,"📈 Stay ahead of the curve with our official Telegram channel for Fi - US Stocks!

👇 Get the latest news, insights on US stocks, ETFs!

👨‍🏫 Educational content only!

🚫 None of the content are recommendations!

🌐 https://fi.onelink.me/GvZH/fp4lln8b",stocks,2002264873
IF Stocks,if_stocks,channel,130967,"Рассказываем про инвестиции в акции
https://t.me/addlist/JL-QfEuHFaU1ZWRi

Реклама: https://t.me/IF_adv

Комьюнити и разбан: @community_if

Регистрация в перечне владельцев страниц в соцсетях: https://clck.ru/3LiqND",stocks,1480181440
CapitalVia - Stocks | Nifty | Sensex | Commodity | NSE | BSE,CapitalVia,channel,68544,"Disclaimer - Investment are Subject to Market Risk. Invest as per your own risk & capacity.

www.capitalvia.com",stocks,1474595643
Rochit Singh stocks,rochit_singh_official,channel,19789,,stocks,2198743007
US30 DOW JONES SIGNALS🇺🇲,us30_stocks,channel,47755,"💯High Accurate Free Signals
💯 Investment Plans
💯 Expert in Forex Market
Join us to make money in forex trading with our accurate signals.

Contact Admin: @US30_CONTACTS",stocks,2102574412
intraday_stocks_banknifty_Equity,GrowX_Freecalls,channel,24579,"❇️-SEBI Registered Research Analyst having experience of 27 years❇️
SHARE_MARKET _IS_M Y_HOBY

📊 BANKNIFTY OPTION 📊
💹 95% HIGH ACCURACY 
❇️𝗜𝗻𝘁𝗿𝗮𝗱𝗮𝘆 , BITCOIN-𝟱𝟬,𝗔𝗹𝗹 𝗦𝘁𝗼𝗰𝗸𝘀❇️",stocks,1952263896
Swing Trading Club,stocksf,megagroup,11139,"This forum is made for educational purposes. In term or stock market learning & understanding. Please consult your financial advisor before buy or sell any calls I am not sebi registered analyst.stock market trading is very risky

contact @suniltridev",stocks,1336095811
🔥SG Stocks & Stonks 🇸🇬🧧🔥,stocksg,megagroup,837,"🥇Young Adults SG stock community 🇸🇬

🥇Our Goal: Achieving Quality community

🥇Sign up Tiger Brokers:

www.tigerbrokers.com.sg/activity/forapp/invitflow-intl/signup.html?template=invite202011&lang=en_US&invite=G96UEZ

🏅Mobile app code: G96UEZ",stocks,1198098021
STOCK MARKET NEWS,stocksU,channel,545,"This Channel Manages More Then 1000+ Clients in Premium Group. Join Our Paid Group And Start New Journey in Share Market With Us. Our Calls Accuracy Is 100%
Join Now Paid Group",stocks,2480978222
Stockmarket.et,stockmarket_et,channel,2129,"Join our Telegram channel for the latest news, analysis, and insights on the stock market, money, finance, and business.   

🌐Web: https://www.stockmarket.et/

Contact us: hello@stockmarket.et",stockmarket,1826301886
Stock Market Unlimited,stockmarketunlimited,channel,3597,NISM Certified Research Analyst. NISM certified Equity Derivative.  No calls or tips are provided for trading. Just trying to analyze the right direction of the market.,stockmarket,1694906621
Дилер,StockMarketManipulator,channel,111815,"Инвестиции на фондовом рынке. Управление портфелем на 40млн на ваших глазах 

Он самый - @BUYSBER

ПО РЕКЛАМЕ ТОЛЬКО СЮДА - @BELAYAHS

Пригласить друзей: https://t.me/+7CJoSCOvjbkxZDc6",stockmarket,1411960688
FII Data 📔 Guide 2 Stockmarket,guide2stockmarket,channel,1264,"We post FII, DII, Pro, Clients Positions & Cashmarket data at end of trading day...
TRADE with DATA 📊
Only for Educational Purpose ⚓
📢 💻 📧 Mail: guide2stockmarket@gmail.com
Site: www.guide2stockmarket.com",stockmarket,1457146529
જોવો અને શીખો (𝙎𝙏𝙊𝘾𝙆𝙈𝘼𝙍𝙆𝙀𝙏)™,jovoaneshikho,channel,8366,"અનુભવ કરો, અમારા કોલ અને Analysis ને જોવો અને અવલોકન કરો અને પછી ટ્રેડ કરો, 

Note :- આ માર્કેટ છે પૈસા નું ઝાડવું નથી

We are Not Sebi Registered This Chennal Is Only Education purposes All Are subject to Market Risk",stockmarket,1692998212
STOCK MARKET LIVE,STOCKMARKETLIVEHNI,megagroup,8375,"@HNISTOCKT

JOIN PREMIUM CHANNEL 👆


#BANKNIFTY
#NIFTY
#STOCKMARKET
#positionalcall",stockmarket,1589397718
Indian StockMarket Talks,sharemarket4444,megagroup,1699,"We are not SEBI registered. This group is created for discussion as well as learning regarding the stock market.
Trade carefully and do your own research",stockmarket,1760576732
Options nifty bank nifty,stockmarketz,channel,187,"Welcome to all members 🙏

 100% free all views here are paper trade for educational purposes only. We r not responsible for any profit or losses. We do not provide any paid services or share market courses.  We are not sebi registered. free channel",stockmarket,1136682706
Stock Market Money,stockmarketv,channel,68,"✍️All Calls is For Educational Purposes Only .....

🚨ADMIN IS NOT SEBI REGISTERED......!!!

📌DISCLAIMER : WE ARE NOT RESPONSIBLE FOR ANY PROFIT OR GAINS RESULTING ANY OF OUR INFO",stockmarket,1329880828
The Kenyan Wallstreet,kenyanwallstreet,channel,32583,Stay Up to Date with the Latest Business News and Market Updates From Kenya and across the Region. www.kenyanwallstreet.com,wallstreet,1063768801
Wall Street Queen OFFICIAL,WallStreetqueens_Official,channel,40746,"• #CURRENCY | #XAUUSD | #US30 | #BTCUSD And Others
CONTACT VIP :-  @Cryptotrader_A1
                           
- Signals Provided With 100% Surety
- Spot And Future Trading Make",wallstreet,2179190834
WallStreetBets - Pumps,wallstreetevents,channel,32260,"WallStreetBets Crypto Pumps Community

All of our signals are free! We don't offer VIP. #DYOR. None of our signals are financial advice.

Inquiries: @viola",wallstreet,1219958536
Wall Street Pepe,wallstreetpepe_REAL,megagroup,23386,,wallstreet,2001176568
Wall Street Gems,wallstreetgems,channel,61885,"(Dyor nfa)
Weekly 5x, 10x, 20x and even 100x crypto gems.

The one and only official Wall Street Gems Telegram channel. The most profitable trading community in the world💎
Note - we don’t have any ViP",wallstreet,1638879488
WallStreetBets 💎🙌,WallStreetBets6,channel,19259,"/wallstreetbets, also known as WallStreetBets or WSB, is a subreddit where participants discuss stock and option trading",wallstreet,1451397178
وال استریت,WallStreetH,channel,22,"سلام 
مسئولیت خرید فروش بر عهده شخص خریدار یا فروشنده می باشد و هیچ مسئولیتی ما در قبال خرید و فروش سهم یا رمز ارز نداریم  تحلیل های ارائه شده فقط جنبه تحلیلی دارد",wallstreet,1227756798
WALLSTREET QUEEN FOREX SIGNALS (Free) official®️,WallstreetQ,channel,6,"I'm not only a pretty face... I'll show step by step how to beat this market, because I already did.

Join me on this journey, and see by yourself🔥

Contact - @Wallstreet_Zen
Welcome to the family❤️
#DYOR",wallstreet,1516960533
WALLSTREET BONUS,WALLSTREET8,channel,10,"Buy crypto - https://t.me/CryptoBot?start=r-38760

FREE BONUS CASINO -  https://1huh.short.gy/1WIN_casino

FREE BET - https://1huh.short.gy/regg",wallstreet,2118077466
ЗакрытияРеестров.рф,Dividends_Russia,channel,2368,"Закрытия реестров на получение дивидендов. Дивидендные истории компаний РФ. 
https://закрытияреестров.рф 
Контакты: @Pasha_Invest",dividends,1334833357
Дивиденды LIVE - Все о дивидендах,Dividends_Live,channel,659,"Новостной канал https://t.me/News_channel_LIVE
Новостной канал Трейдера https://t.me/TRADING_News_Channel_Live
Крипто-канал https://t.me/Cripto_news_live
Канал с рекомендациями https://t.me/D_LAKTIONOV_LIVE
Вопросы https://t.me/Dmitriy_laktionov_LIVE",dividends,1701171491
Liquidity Dividends Protocol,LIDProtocol,megagroup,935,https://www.lid.sh,dividends,1445226630
Investment Dividends,Laffront_dividends,channel,82,"С помощью Investment dividends вы будете в курсе всех новостей про дивиденды Российских эмитентов 🇷🇺

Связь: @Monclova171",dividends,1662450248
NSE Dividends : Current & Upcoming,dividends9,channel,4808,"Check upcoming Dividends, Bonus, Splits quarterly and annual results and Board meetings on NSE and BSE.

To join the premium channel contact us  @naveenkumar979

Subscription fee Rs 499 only for 3 months.

Visit our website - https://www.dividends9.in",dividends,1499025119
Путь Работяги,dividendsi,channel,453,"Проект «Работяга в мире инвестиций» — мой личный путь к обретению финансовой независимости. На этом канале я делюсь своими мыслями, опытом и открыто показываю состав своего дивидендного портфеля.

Мой Ютуб канал https://youtube.com/@investrabotnik",dividends,2451254801
Dividends,dividendsss,channel,2453,"Кратко и емко о дивидендах:
• повышение/понижение/отмена
• последний день покупки
• изменение доходности...

Связь — @Anton_2biz
Менеджер — @manager_2biz",dividends,1190004351
Stock Burner | Investor Kazi Tips,Stock_Burner_Investor_Kazi,megagroup,218878,,investor,1557321401
Главный инвестор,investor_hamster,channel,94590,"Ежедневные комбо и шифры!
Перспективные проекты!

Реклама/Сотрудничество - @oneterro",investor,2218180037
Лабиринт инвестора: новостройки Москвы.,labirint_investora,channel,13686,"Канал подборщика Алексея: математика, модели, прогнозы, кейсы, ""разборы"" и скрытые закономерности 🤫 Связь со мной: @totemo",investor,1340261049
W3X >< Founders & Investors,w3xnetwork,megagroup,2666,Web3 X  is Incubator and Investor | We focus on Web3 & blockchain startup in SEA and APAC,investor,2032558959
Civillian Investors Talk,civiliantalk,megagroup,806,"A lounge to discuss gems, degens, NFTs & protocols on ETH and other blockchains.

Channel : @CivilianInvestors

Boss : @Defildndefi

Invite link - https://t.me/civiliantalk",investor,1877931529
investor1992,investor1992rok,channel,1699,"본 채널은 주인장이 보유하거나 보유하고 싶은 기업에 대한 게시물만 업로드합니다.
매수 및 매도 추천하지 않으며, 투자는 본인 판단으로 하십시오!
성투하세요~",investor,1694604371
Современный инвестор,actual_investor,channel,1362,"На пути к финансовой свободе.

Проходи весь путь вместе со мной.
Связь со мной @andreis_by

🎬 YouTube: https://www.youtube.com/channel/UCbfHZ3NUf1Q6EzJ1i62eOHQ",investor,1349065212
INVESTORO,investoro,channel,559,"@investoro – официальный канал INVESTORO

Всё о венчуре: об инвестициях и стартапах в кейсах, аналитических материалах, мнениях экспертов рынка

Канал Виталия Полехина @VitalyPolekhin

По вопросам участия в мероприятиях @ask_investoro",investor,1109379648
.ҳ̸Ҳ̸Ҳ̸ҳ تراوشات ذهنے یک בیوانـہ,investorm,channel,460,Support : @rezayiiei,investor,2112679097
ВТБ Мои Инвестиции,brokervtb,channel,59008,"Об инвестициях и личных финансах — официальный Telegram-канал брокера ВТБ Мои Инвестиции.

https://www.vtb.ru/personal/investicii/

Здесь нет индивидуальных инвестиционных рекомендаций 💙

Портал КНД: https://clck.ru/3FeaVZ",broker,1479479599
🐯Tiger Brokers Official,tigerbrokersofficial,megagroup,3744,"Tiger Brokers Official Group

1. 🚫 Ads of any sort
2. 🚫 Spreading of not factual news
3. 🚫 Sowing of discord and profanity
4. 🚫 SPAM PM to any group members

Customer Support: WhatsApp +65 6331 2277

Latest promo join : https://t.me/TigerBroker",broker,1443333161
Tiger Brokers SG,TigerBrokersSG,channel,1075,"Welcome to Tiger Brokers Singapore's Official Telegram Channel! 🇸🇬

Prepare yourself for:
🎈Exciting promotions
🎈Exclusive invitations to special events
🎈Engaging and educational content
🎈Exciting giveaways and contests featuring unique prizes",broker,1855741640
AFI brokers,afibrokers,channel,2291,"📊Полезная информация, анонсы и новости для брокеров 
📱Контакты:
Илона Карапетян 📍Москва
ikarapetyan@afid.ru
+ 7 (966)377-86-66
📱Полина Вибе  📍Москва 
pvibe@afid.ru 
+7 965 192-94-38
📱Надежда Никитина  📍 Москва 
n.nikitina@afid.ru
+7 965 363-55-06",broker,1958393987
Ingrad brokers,ingradbrokers,channel,1773,Самая актуальная информация о домах под брендом Ingrad,broker,2418475540
SPIKE BROKERS,spike_brokers,channel,4396,"Комерційний агент “брокер“ на зерновому та олійному ринку України.

Agent “broker” on UA grains and oilseeds markets.

www.spike.broker",broker,1198567788
РКС brokers,rksbrokers,channel,1160,"Самая актуальная информация для брокеров компании РКС Девелопмент Москва
Проект: INSIDER  insiderhome.ru
https://t.me/insiderhome

Контакты: +7 977 089 2062",broker,2055549582
BROKE RUSSIAN KIDS,brokerk,channel,33,"будьте внимательны с теми кому доверяете.

сахар и соль выглядят одинаково",broker,2015919206
Bolsas Extraordinarias Docentes,bolsasdocentes,channel,41191,Informacion y enlaces sobre bolsas extraordinarias docentes abiertas,bolsa,1389561258
Bolsa C2 Auxiliares Adtvos CM,BolsaAuxiliarAdministrativoCM,megagroup,2476,"Bolsa de trabajo de la CM
listas institucionales y departamentales de Cuerpos de Administración 

Enlace grupo:
https://t.me/BolsaAuxiliarAdministrativoCM

🌐:
https://www.comunidad.madrid/gobierno/espacios-profesionales/funcionarios-interinos-no-docentes",bolsa,1509510915
Bolsas Docentes,bolsas_docentes,channel,11524,,bolsa,1476809505
Bolsa de Empleo Correos España,GrupoBolsadeEmpleoCorreos,megagroup,90,,bolsa,1424857758
BOLSA 💰 acciones y cfd's,Bolsasvalores,megagroup,195,Grupo para hablar de bolsa en general,bolsa,1477227001
Inverarg: Invertir En Bolsa Y Criptomonedas,inverarginvertir,channel,2978,"https://youtube.com/@inverarg?si=URsrizSBLAUnKcad
Este es el único canal oficial para canales de criptomonedas, administración de cuentas, videos de YouTube y propósitos de inversión. 

NUNCA TE ESCRIBIREMOS PRIMERO",bolsa,1704821935
Inversión en Bolsa con Mary,marydaytrader,channel,18,YouTube: https://m.youtube.com/@inversionenbolsa_mary/videos,bolsa,1885236021
Curso Bolsas de Valores,bolsav,channel,34,,bolsa,1732367009
የሠ.ማ.ጉ.ሴ. የ2017 ለኦሞ ስኳር ፋብሪካዎች የወቅት ሠራተኛ ምልመላ አፈጻጸም መረጃ መለዋወጫ,Bolsa9,megagroup,23,,bolsa,2356040711
Las Inversiones de Javi Linares,LasInversionesDeJavi,channel,11561,"💵Finanzas personales 
📈Bolsa
🏛Inversión inmobiliaria
💰Criptomonedas

Instagram con contenido a diario:
Canal de YT👉🏻 https://www.youtube.com/channel/UCOiNhz5lCJiFIAZPsGZ5_9Q",inversiones,1416974173
Inversiones en el Mundo,inversionesenelmundo,megagroup,4251,CURSOS GRATIS EN https://discord.com/invite/nyygZ4p2Gq,inversiones,1423055645
🤑High Profits🤑,inversionesaro,channel,813,Bienvenido-bienvenida,inversiones,1866080448
ALIANZA. GRUPO DE INVERSIONES,cryptoinversorsv,megagroup,380,cripto Compra - venta,inversiones,1213212352
in.Capitales | Noticias,InversionesCapitales_Canal,channel,498,"¿Estás listo para explorar un mundo donde las ganancias por internet, las inversiones, el trading automatizado y los criptocasinos se entrelazan en un viaje hacia la prosperidad digital? ¡Bienvenido a Inversiones Capitales!💼💰🌐📈🎰",inversiones,1444125385
Actitud inversiones,rubitcoinmining1,megagroup,338,,inversiones,2492198425
🏘️ ASSET1 INVEST | INVERSIONES EN INMUEBLES,asset1invest_spain,channel,1074,"🏠Oportunidades disponibles 
✅Casos de éxito
📹Contenido audiovisual de inversiones activas 
📚Datos y estadísticas sobre el mercado
📍Nuevas zonas o ciudades con potencial
⚒️Antes y después sobre reformas",inversiones,1319812260
INVERSIONES 📊,InversionesQ,channel,216,"Inversiones Seguras
Desde el 2019 invirtiendo juntos",inversiones,1382705901
Inversiones W & A,Inversionesw,channel,52,"Venta al mayor y dental de 
👗 ropa 👕
👞👟 calzado 👠👡👢
🎧 Audífonos 🎧
🪙 Bisutería 🪙
💄 Maquillaje 💄
⌚ Relojes ⌚",inversiones,1904804669
Finanzas Argy 🇦🇷,FinanzasArgy,channel,31946,"🔥Lo más relevante

#Economía | #Política | #Finanzas | #Actualidad | #DólarBlue | #Criptomonedas

❌No se brinda asesoramiento de inversión

🔗Sitio web: finanzasargy.com

📩Email: contacto@finanzasargy.com

🗓Creado el 30/01/20",finanzas,1142599518
Tropykus 🌴 Finanzas sobre Bitcoin,tropykus,megagroup,1467,Abre tu cuenta de ahorro en dólares con 3 clicks www.tropykus.com,finanzas,1238464906
Lautaro Finanzas - Telegram 🔥,lautarofinanzas,channel,152,Grupo especializado en Finanzas 💸💵,finanzas,1601004253
Marciano Finanzas subs,marcianofinanza,channel,425,,finanzas,1268863633
Finanzas al límite,Finanzasallimite,channel,183,"Dedicados a realizar inversiones de bajo, mediano y alto riesgo, les exponemos nuestra experiencia! 

Conversacion: https://t.me/FinanzasLimite",finanzas,2166032855
Wealth Piemonte,FinanzaSerena,channel,100,"Dedicato alla gestione e alla crescita del patrimonio per una clientela d'élite. Innovazione e tradizione al servizio dei tuoi investimenti.
www.giaume.it",finanzas,1114870326
Finanzas Positivas,FinanzasP,channel,236,Oportunidades Para Aprender y Ganar Dinero,finanzas,1646801149
🥸FINANZAS bonus,FINANZAS0,channel,137,"Buy crypto - https://clck.ru/SVGBk

FREE BONUS CASINO -  https://1huh.short.gy/1WIN_casino

FREE BET - https://1huh.short.gy/regg",finanzas,1646954326
Крипто - чат,dogecoinchat7,megagroup,180,Наш основной канал -,https://t.me/dogecoinchat7,1452262903
Связки | Арбитраж | Криптовалюта | Инвестиции | Трейдинг,svyazkizarabotokp2p,channel,36071,"Доведу до прибыли💵
По любым вопросам - @vlad_arb_p2p

Лёгкие деньги, за процент от профитов😎
Заработок на криптовалюте ещё не был таким простым🤫",криптовалюта,1239709300
"Метаформат – Криптовалюта, новости, биткоин",metaformat,channel,4216,"Новости про криптовалюту и децентрализованные технологии.

Связь - @swiftup",криптовалюта,2467192658
Криптоша,kriptovalyuta,channel,230,,криптовалюта,1374313930
Криптовалюта VIP,kriptovalyutam,channel,3484,,криптовалюта,2508539180
КРИПТОВАЛЮТА,kriptovalyutap,channel,3296,,криптовалюта,2056243126
ТОРГОВЛЯ ФЬЮЧЕРСЫ КРИПТА 💹💹💹,p2p_svyazka,channel,23352,,торговля,1869235806
Криптаны | Обменники | Трейдинг,torgovlya_kriptovalyutoy,channel,4060,"🔰Лучший обменник в телеграм: @BitCash2_bot

⚡️Первый обмен без комиссии, далее 5%

Реклама в канале👉 https://t.me/+2YDzl4b9snM3Y2Ji",торговля,1843577929
InvestGroupBusiness | Инвестиции и крипто торговля 💰,InvestGroupBusiness,channel,547,"Инвестиционная компания InvestGroupBusiness приветствует вас💰

•Качественно ✅
•Быстро 🚀
•Эффективно 💸

По всем вопросам @InvestGroupBiss",торговля,1572973758
Фьючерсы | Торговля,features_trade,megagroup,659,Даем фьючерсные сигналы,торговля,1712304712
Инвестируй с умом,Torgovlya8,channel,2708,"Фан группа, не официальный канал. Здесь учимся торговать.

🔝Топовые биржи и бонусы:
https://t.me/no_brazzer",торговля,1642787196
6,torgovlya2,channel,127,,торговля,1987678795
Заработок на маркетплейсах,TorgovlyaT,megagroup,6,"Научим торговать на маркетплейсах за 1 месяцев.
По поводу обучения писать: @TARnk1",торговля,2092550825
Инвестиции на диване,div_invest,channel,100168,"Простым языком рассказываю об инвестициях и личных финансах. Объясняю принципы работы с фондовым рынком. 

Книга ""Инвестиции на диване"" - https://clck.ru/36ocyo

Автор: @mister4e

https://www.gosuslugi.ru/snet/67978e3e509aba565226eeaf",инвестиции,1297492397
Т-Инвестиции,tb_invest_official,channel,577736,"Официальный канал Т-Инвестиций

Размещаемая информация не является индивидуальной инвестиционной рекомендацией 

Регистрация в перечне РКН: https://l.tbank.ru/marithemi",инвестиции,1344086554
"Coin Post – Деньги, инвестиции, биткоин",Coin_Post,channel,354983,"На рынке с 2017г. Только выжимка в понятном формате. 

Чатик: https://t.me/joinchat/DxqPRby29zE4ZjUy

English version @coinpost

Шеф-редактор: @Alex_CoinPost

Реклама: @Coin_Post_RekIama

Админ чата: @DanieL_CoinPost",инвестиции,1132611527
"DeCenter — блокчейн, биткоин, инвестиции",DeCenter,channel,3117885,"#1 канал о блокчейне, криптовалютах и децентрализованных финансах.

🔥 Реклама — @DCTeam",инвестиции,1012435573
Деньги Акции Биткоины,investitsiy,channel,4479,"По рекламе писать

@menedzher_invest",инвестиции,1169270645
NeuralPost: инвестиции / трейдинг,investitsii8,channel,14582,"Neuralpost: криптовалюта, инвестиции, блокчеин.
Сотрудничество: @boss_komm",инвестиции,1181495378
Coin Bureau Insider,cbinsider,channel,134004,"Get the latest updates from Coin Bureau straight to your Telegram 📲

Includes:

- Altcoin Rally Reports 📈
- Daily crypto news 📰 
- Video Updates 👀
- Coin Bureau Jobs 👨‍💻",inside,1375055530
Campaign Insider | Павел Дубравский,electionsquad,channel,10902,"Избирательные кампании – это люди, говорящие с людьми. 

Канал политконсультанта Павла Дубравского. 

https://dubravskiy.consulting — Дубравский Консалтинг

Реклама: @campaignwarrior

Закрытый чат для своих и доп контент: https://boosty.to/insider",inside,1327713511
Business Insider India,businessinsiderindia,channel,4450,Intelligence for India's next generation.,inside,1797164962
Ethiopia Insider,EthiopiaInsiderNews,channel,15908,"Ethiopia Insider is a digital media that provides news, updates, analysis and features.",inside,1566732209
Бизнес Insider,InsiderBz,channel,21014,"Авторский канал финансовой грамотности и свежих новостей в мире банков, бизнеса, финансов и трендов.

🤝 По рекламе — @InsiderBz_bot

❓Админ — @InsiderBz_Adm",inside,2313567811
HARD INSIDE,hplegion,channel,165191,"Мой вк 🔫 https://vk.com/hard_rus
🔥 Основной канал YouTube : 
youtube.com/c/HardPlayGameChannel 🔥
🔥Игровой Канал YouTube: 
https://clck.ru/HTusN
Instagram 🔫 http://instagram.com/hard.inst",inside,1286601871
The Insider,theinsider,channel,140378,"Расследования. Новости. Аналитика.
http://theins.ru
@TheinsiderBox_bot - бот, через который можно анонимно передать нам информацию.",inside,1001497499
Insider News,Insider,channel,4271,,inside,1248268333
NFT | Crypto Stone,InsideC,channel,1071,"Канал где публикуются самые свежие новости об Airdrop и Free NFT
Сохраняй канал, чтобы не словить фомо 

Менеджеры: @paulmoris
Админ: https://t.me/kriptoxx",inside,1869614321
onchain gaias,onchainGAIA,megagroup,5938,"TEAM WILL NOT DM YOU

gaias.xyz | henlokart.com",onchain,2276976033
Mlm onchain,mlmonchain,channel,2986,"All content shared is for informational purposes only, not financial or legal advice. Always verify independently and do your own research before making decisions. I strive for accuracy but may still be incorrect at times. For questions @mlmabcc",onchain,2677926273
Z OnChain 🧧,TwoZCalls,channel,1311,"Finding cool shit on chain 

@zicogripto
@zeyatm",onchain,2053406161
Crypto.com Onchain,Cryptocom_onchain,megagroup,8429,"Crypto.com Onchain Wallet Official Community

The Most Secure and Flexible Crypto Wallet

Your Keys, Your Crypto.",onchain,1380601144
Onchain-VIP,onchain2,megagroup,12162,,onchain,2454808461
ончейн кипиш,onchaink,channel,502,"овнер солана блокчейн

чат: https://t.me/+ddddya_QRTUxZmVi

owner: @frant1ccc",onchain,2225951700
Octa Analytics,octa_analytics,channel,143245,"Official global account of Octa, an award-winning and internationally recognised investing services provider.

Have any questions? Write to @Octa_Rep

Our posts are not financial advice. Trading is risky—be responsible.
Terms and Conditions apply",analytics,1428617346
Coin98 Analytics,Coin98Analytics,channel,17118,"Let The Data Speak for Itself. 

Contact: @hominh95

Chat: @Coin98Community
Channel: @Coin98Analytics

Twitter: twitter.com/Coin98Analytics",analytics,1475304956
Аналітичний Батон,analytics_baton,channel,2297,"https://analyticsbaton.wixsite.com/grain-ua

Для зв'язку @Analiticheskiy_Baton",analytics,1456188397
ICO Analytics NewsRoom EN,ICO_Analytics_EN,megagroup,3420,"Welcome to ICO Analytics Discussion Group.
Website: https://icoanalytics.org
Telegram channel: https://t.me/ico_analytic
Twitter: https://twitter.com/ICO_Analytics",analytics,1169542240
FTM Analytics,robo_analytic,channel,931,"fintechme.pro
Технологии, аналитика и торговый план, разработки, новые решения  
 
💻 Роботы: фондовый, срочный рынки, крипта  

@fin_techme - авторский канал FintechMe
 
поддержки: @fintechme_bot
@fintechme_supportbot",analytics,1565819459
Analytics,Analyticse,channel,711,"#رسالة_مختبري🔬

خلف كل عينة روح تئن من الوجع فكن أمينا و اتق الله و كن السبب الذي يزيل عن الناس أوجاعهم فالمعالجة تبدأ بك 💉🔬
بوت القناة للمراسلة : @Analyticse_bot",analytics,1512221953
المختبرات الطبية | المرحلة الرابعة,analytics9,channel,280,Instagram : dr.moostafa,analytics,1603453807
Яндекс Образование,Education_Yandex,channel,33680,"Канал, который не мьютишь. Здесь мы вместе учимся будущему и рассказываем о запусках Яндекс Образования: clck.ru/3FRCyX. 

Медиа для тех, кто учится новому и вдохновляется технологиями: t.me/journal_yandex_education.",education,1210388473
SETTERS EDUCATION,setterseducation,channel,19341,"Выбирайте курсы для руководителей, компаний и команд здесь: https://setters.education/

Пишем о том, как менять маркетинг, собирать сильный бренд и развивать культуру лидерства.

Перечень РКН: https://cutt.ly/ge4xeIRZ",education,1699109851
وزارة التربية العراقية,Educationiq,channel,484714,القناة الرسمية والموثقة لوزارة التربية العراقية https://m.facebook.com/Iraq.Ministry.of.Education/,education,1132278525
VK Education,vkeducation_about,channel,8485,"Помогаем строить путь в IT: 
о бесплатных образовательных проектах VK  и возможностях развиваться и строить карьеру в одной из крупнейших российских IT-компаний.

Сайт VK Education: vk.cc/cx8Vey",education,2207899163
Crimson Education | Образование в США и Европе,crimsoneurasia,channel,11045,"Всё о поступлении в лучшие зарубежные вузы. Здесь мы делимся советами по подготовке, новостями и мастер-классами с выпускниками топ 20 университетов мира. 

Связаться с нами: @crimsoneducation
Бесплатная консультация: clck.ru/34qP4Q",education,1364134959
StudyIQ Education,Studyiqeducation,channel,404693,,education,1116766941
التربية الخاصة,education0,channel,1066,‏https://t.me/education0,education,1398848516
Education Update,educationu,channel,934,www.youtube.com/c/EDUCATIONUPDATE,education,1492287135
1000pips Builder (Free signals),ThousandPipBuilder,channel,228579,"Trusted Forex Signals
Your Journey Starts Here.
Accurate Forex signals, independently
verified results 💯 
Over 10 years of Forex trading experience
We are here to support you all the way.

CONTACT ADMIN:

http://t.me/Team_Support_Admin1",signal,1429513494
GOLD SIGNALS VIP,GoldSignalsVipOfficials,channel,32315,"📌 Why Forex Trading is Better than Indian market?
1) 24 Hour's Market Time
2) No Premium Decay 
3) High Margin To Maximize Gains
5) Forex Trading can Be Done With 150-200 Dollars 💰
6) Instant Deposit Withdrawals 📈

Contact:👉 @Forexpaid_signals✅",signal,2363384447
Signal,Signal2,channel,113,,signal,1051552602
GOLD XAUUSD ANALYSIS,GOLDXAUUSDANALYSISTIPS,channel,33083,http://wa.me/+918005889825,gold/xauusd,2621962829
XAUUSAD (GOLD) FOREX SIGNAL📈,XAUUSD_SIGNAL_XAUDGBP0,channel,18523,"🟢 BEST SIGNAL PROVIDER GOLD CHANNEL
🟢 NO LOSS ONLY PROFIT  
🟢 BEST ACCOUNT MANAGEMENT SERVICE AVAILABLE 
🟢 GROWTH RICH IN FOREX TRADING 
🟢 99% ACCURACY IN TRADING 

For VIP, Investment and Education

Contact 👉👉 @Forexgold_signals2",gold/xauusd,2414687055
Gold Trading XAUUSD,xauusdanalysistrading,channel,6969,This channel is to show everyone what I see on the gold chart,gold/xauusd,1309247194
🤑. 🫶 𝙓𝘼𝙐𝙐𝙎𝘿 PIPS FAMILY CLUB 💰. 🤑,GOLDXAUUSDPIPSHUNTERCLUB,channel,9865,"Shared daily gold Analysis/Strategies/Signals/News for your reference only 🙌

My broker Service:Free VIP signals(Min $1k) and manage accounts(Min $2k/$5k)👉@XAUUSDSIGNALSCH

Pls told me your country and account capital/equity if you want to join us 🤝",gold/xauusd,1786757811
BDARIJA GOLD TRADER 🔱,GOLD_XAUUSDx,channel,10750,"Gold (XAUUSD) Signals
4–8 daily signals with 80%+ accuracy for consistent profits.
Stay informed, manage risk, and trade confidently in the gold market.",gold/xauusd,1919892473
XAUUSD GOLD,XAUUSD_GOLD0,channel,1772,"•Stay on our free channel if you're interested in getting amazing signals daily with up to 93% accuracy

Admin👇👇👇
@Harrison_MarkFX",gold/xauusd,1875363064
XAUUSD(GOLD) FOREX,Xauusd_Goldx,channel,111,"Where investors make better decisions

The Best Signal Provider 🌎 

Weekly Target Pips: 1000-3000 🎯 
Signal Type: Intrady & Scalping 📈

Best Full margin set

@Xauusdforex_fx",gold/xauusd,2008473759
EXPERIENCE CRYPTO 24/7 TEAM,ExperienceCrypto247_DailyUpdates,channel,9243,"The official EXPERIENCE CRYPTO 24/7 TEAM Daily Update Channel - Where you’ll find general crypto updates, personal & team status/earnings reports, etc DAILY!!  📈🤝📊

Team Chat - https://t.me/+9AvdRbClnpRlNDZk",experience,1312390566
Brothers' Hijrah Experience,BrothersHijrahExperience,megagroup,1671,See pinned message for objective and rules.,experience,1534481560
Altin's FWA (and AO) experience~,cattracker,channel,564,Keep up with my US adventures here!,experience,1848297474
Exclusive signal experience channel,jakeggjffdddd,channel,116,"Get more accurate trading plans, whether long-term, short-term or ultra-short-term, or make accurate return plans. You can click on the name to leave me a message to get 
👉👉t.me/qualifiedqqqqq",experience,2307581069
Joe Rogan,JoeRogan_Experience,channel,3204,Stand up comic/mixed martial arts fanatic/psychedelic adventurer Host of The Joe Rogan Experience,experience,1676204403
CoinMarketCap - Experience Exchange,CoinMarketCapExp,megagroup,4307,"Group for sharing experiences and discussing crypto news 🚀

🚀 Join our crypto community and share about blockchain & cryptocurrency! 😃 Please keep conversation in English

Commercial offers - @CryptoAdm3",experience,1451232704
Employee experience,employee_experience,channel,378,"Employee experience community - це спільнота HR спеціалістів, рекрутерів, маркетологів, власників бізнесу та ТОП-менеджерів які розуміють, що перший клієнт бізнесу - це співробітник, і хочуть побудувати WOW-досвід для команди.

Співпраця: hi@morethan.ua",experience,1208349079
အတွေ့အကြုံ,experiencet,channel,160,love and sex story written by Aung Min,experience,2112795122
صناع الخبرة,experienceM,channel,97,مكتب صناع الخبرة للاستشارات التربوية و التعليمية,experience,1602867247
Forbes Russia | The Globals,forbesglobalrus,channel,24585,"Комментарии и предложения: globalrussians@forbes.ru
Реклама в канале: adsales@forbes.ru

Регистрация в перечне РКН: https://knd.gov.ru/license?id=674f07ed340096358bfcb8cf&registryType=bloggersPermission",global,1769217960
Treasure_Nft_hahm_Global,Treasure_Nft_Global_07,channel,45178,"India's best channel for #Nifty #Banknifty and #stocks calls. 🚀🚀

Disclaimer:- WE ARE NOT SEBI REGISTERED✅
I' AM NISM VERIFIED✅ NO CLAIMS🤗
All suggestions given are for educational Purposes only. 🤗",global,1852812764
@ForexWeb3,Global,channel,939,,global,1673623396
Shido Global | $SHIDO - Official Chat,ShidoGlobal,megagroup,11284,"Shido Network is an infinitely scalable layer 1 blockchain in the interoperable Cosmos. Powered by Tendermint, EVM and CosmWasm.",global,1507631144
Battle Infinity Global 🌎,battleinfinity,megagroup,13992,"Welcome to Official Battle Infinity Community Group.

For more info visit - 
https://linktr.ee/battleinfinity",global,1656361819
ONUS Announcements (English),onus_globalchannel,channel,2770777,"X: https://x.com/ONUSFinance
Channel: https://t.me/onus_globalchannel
Group Chat 1: https://t.me/onus_global
Group Chat 2: https://t.me/onus_global2
Group Chat 3: https://t.me/onus_global3",global,1596152368
Greenway Global,greenwayglobalofficial,channel,78670,"Ссылка на официальный сайт компании - https://greenwayglobal.com

Регистрация в перечне владельцев страниц в соцсетях: https://knd.gov.ru/license?id=67874a688e552d6b54bb028b&registryType=bloggersPermission",global,1234463697
GlobalCheck,globalcheck,channel,13984,"Проект по изучению и помощи в обходе блокировок в России и СНГ.

Помогите развитию сети: https://globalcheck.net/ru/support

https://twitter.com/globalchecknet",global,1162161799
Global Community 🌎,GlobalC,megagroup,709,Promote Your Token Here,global,1389846046
Real-Time Daily News,RealTimeDailyNews,channel,10343,"Real News: For The People By The People. 

Chat: @",realtime,1544315679
Mantra - Shibarium Realtime Marketplace,Mantra_Shibarium_Realtime,channel,333,Join the Mantra Community Chat @MantraProtocol,realtime,1863099474
PT(SD)BNK in realtime.,PTBNKtrenches,channel,240,Fulltime trench warrior sharing his fuckups in real time,realtime,2488056259
Realtime School,realtime_school,channel,101,Школа компьютерной графики Realtime School,realtime,1313410583
REALTIME TRADING 🔒 247-OPTION,GRPtradefamily,megagroup,867,"™️Registered | https://247-option.com 🔒SecureD | 2years ➕
We Offer The Best Cryptocurreny Coin PUMP On Binance,Kucoin and offer best investment platforms 

Trading 📊Crypto |Assets 🏠Made Easy And Extremely Profitable.
 Live Trades Every 24Hours",realtime,1289548821
Realtime Stock Screener(Help Chat),RealtimeScreen,megagroup,863,"App✅https://REALSCREEN.WEB.APP
Chat✅https://t.me/RealtimeScreen
How to Use Realtime Stock Screener Playlist on Youtube
✅https://www.youtube.com/watch?v=ZBHLDz01JVE&list=PLcDMqJIla67p7vgQpSGKHBSYBM_zHtBAD",realtime,1287071743
ʀᴇᴀʟᴛɪᴍᴇ • ᴀɴᴀʀᴄʜʏ ⚡,RealTimea,channel,100,"➤ ʀᴇᴀʟᴛɪᴍᴇ  - Лучшая анархия которые вы только могли видеть.

ϟ Реклама - 15⭐(1д)
ϟ Буст - t.me/boost/RealTimea
ϟ Владелец - @mozafet1 @WeryTopik @Saitamxs",realtime,2181134355
Real Madrid CF || Новости 🤍🏆,realtime8,channel,18,Hala Madrid 🤍🏆,realtime,2026438313
⚡️KRALOW ALERTS,kralowalerts,channel,61123,The only real Thomas Kralow Telegram channel! 🔥,alerts,1761026478
ICO Drops - ICO News & Alerts,icodrops,channel,50016,"https://icodrops.com/ - Simple and beautiful ICO Calendar with independent ratings & analytics. With us it's impossible to miss the next great #ICO. 🚀

Contacts: @icodrops_support (for any questions)",alerts,1108179394
🚨 The Moon Alerts,TheMoonOfficial,channel,34520,"The ONE & ONLY, OFFICIAL",alerts,1392348303
MMCrypto 📣ALERTS 📣,MMCryptoAlerts,channel,15262,We from MMCrypto inform you about all recent MMC related Updates through this channel 😊 Thanks for being Part of our Project ✔️,alerts,1143949910
Token Metrics - Alerts Channel,tokenmetrics,channel,11691,"A data-driven investment research platform for crypto. Leverage analytics and machine learning to become a better investor.

https://www.tokenmetrics.com",alerts,1441407302
DustyBC Alerts 🚨,DustybcAlerts,channel,3636,"DUSTYBC URGENT ALERTS

Anything said here are my thoughts, not financial advice. Trade safely!

DustyBC will NEVER DM you, you’re talking to a scammer!

Get a $30,000 bonus on Bybit (Where I trade): https://partner.bybit.com/b/DustyBC",alerts,1269437597
Хмурчик Technology,khmrchk,channel,59787,"Это Паша Хмурчик, тот самый автор — https://youtube.com/c/pkhmurchyk

👉 Чат в ТГ - t.me/tepliychatic
🔥 По вопросам сотрудничества: в Telegram @ATLAS_adv 
💵 Поддержка (донат) — t.me/WebMoneyWalletBot/donate?startapp=kbh6

A+: https://clck.ru/3HKwVo",technology,1331544942
Maharishi University of Information Technology,maharishiuniversity,channel,1676,"Maharishi University is a leading Indian institution, offering its students a unique amalgamation of professional and academic excellence.",technology,1887835511
Hidden Technology,hiddenTechnology,channel,12837,Wonderful experiments and inventions that can change the world. This is the official Telegram channel for the youtube channel https://www.youtube.com/c/TecnologíaOculta,technology,1638595235
科学上网的小木屋/技术交流/线路交流,technologyshare,megagroup,7193,"xray-core/sing-box/线路交流/VPS

官方网址：https://www.592083.xyz https://www.v2ray-agent.com（已阻断） 


群规如下：

1禁止一切政治相关内容
2禁止人身攻击
3禁止宣扬仇恨
4禁止带节奏
5禁止搞黄色
6禁止在名字、头像、简介中打广告
7禁止恶意抬杠
8禁止广告（咨询管理员）

违反任意一条会被直接踢出群聊

如误封，请联系 @mack_a_bot

如群内无法解决问题，可以私聊机器人联系 @mack_a_bot",technology,1329399510
Miku Network Technology Limited,miku_network,megagroup,1486,官网： mikucloud.co,technology,1683513356
Hemi-sync_technology & Meditation,hemisync_technology,channel,5155,"Hemi-Sync groups:👇

https://t.me/addlist/dr3LX7bJsrYwNGQ8",technology,1359561494
شبكة العلوم والتكنولوجيا,Technologyy,channel,590,"هنا الطريق لفهم طريقه الربح من خلال التلجرام بسهوله ويسر

يَوَتْيَوَبّ: https://m.youtube.com/channel/UCHQU79lydjcaABNAjvwImuQ

 لُلُتْبّادِلَُ وَالُتْوَاصّل↯↯
@Mhhhhb
 
القناة ②
https://t.me/joinchat/AAAAADxaRDKDc82A40fnmw",technology,1008055735
Technology,technologyk,channel,138,"ارتباط با ادمین ها - تبلیغات ، تبادل و نظرات
مطابق قوانین و مقررات ایران",technology,1002684161
@Technologyi,Technologyi,channel,138,,technology,1997113199
TON Dating Channel,tondatingchannel,channel,54959,"Private dating community for the crypto generation.
85% Girls. All profile verified. Earn crypto.

Apply for membership: @tondating

Wesbite: https://ton.dating
Support: @tondatingsupportbot",channel,1901541673
Midnight Rider Channel 🇺🇸,realKarliBonne,channel,221852,Karli  Channel The Real Karli and X only KarluskaP is real everyone else is being sued for using copyright avi artwork,channel,1391253363
Master Channel,channel,channel,15984,https://fragment.com/username/channel,channel,1004347112
Pentagon Channel | DYOR,PentagonChannel,channel,20333,"Head-trader: @RastPentagon
________
Visit my👇🏻
• Twitch.com/RastPentagon
• Instagram.com/RastPentagon
• YouTube.com/RastPentagon
• t.me/Pentagon
Coop: @Opubaxa_TPC / @Alex_TPC",channel,1363988084
Psychological Channel,psychological_channel,channel,24598,"✨Осознанно о психологии

Админ:
@OlgaAdmPsy 

Задать вопрос психологам
@podslushano_psycholog

Реклама
https://telega.in/c/psychological_channel

Регистрация в перечне РКН:
https://clck.ru/3FbK4u

Дочерний канал для родителей
@Psychological_channel_moms",channel,1458451159
تبلیغ درکانال رفاقت,channel1,channel,1525,,channel,1161883102
CHANNELR,CHANNELR,channel,240,"https://t.me/joinchat/AAAAAD_SRRdVoYsI6uiEqw

المفضلة favorite
https://www.facebook.com/groups/1670770869713999/

https://www.facebook.com/labbaci.dz/

ADMIN https://t.me/hemido

https://t.me/Arabu

https://www.facebook.com/groups/671063123723993/",channel,1082268413
IBA Official Channel(4 th course),managesuccess,channel,97,News and information regarding IBA Faculty,manages,1798262475
Руслан | PM Эксперт ⚡️,Ruslan_Manages_IT,channel,28,"🚀PM с 3+ годами опыта в крупных проектах
Делюсь кейсами
🎯Секретами оптимизации процессов
📈Методами управления
🏆Анализом рисков и командной работой

https://bento.me/ismatullayev",manages,2448531560
Manage Solar,managesolar,channel,8,,manages,1894512758
Клиенты по недвижимости Москва,clientsMsk,megagroup,8289,"Чат для агентов по недвижимости и агентств Москвы.
http://estate.clients-agency.ru/",clients,1584750316
️,clientsettings,channel,90,правитель всегда был один,clients,2436537762
浪迹-胡志明帝王团-信任问题,hcm_clients,channel,590,先解决信任问题！任何疑问第一时间联系我们 @ljdny,clients,2117503365
Clients With Money,clients_with_money,channel,2,,clients,2385192471
How to answer to ur t'nerb clients questions,howtoanswertoyourstupidclients,channel,5,,clients,2492292949
CLIENTS OF ZEN🥶,andresquadbbc,channel,79,Banks&Kyc from Romania,clients,2144195871
Клиенты в Телеграм,Clients5,megagroup,149,,clients,1774171498
ppsspp games,clientsd,channel,86,,clients,1294566927
Telegram Premium,premium,channel,9045338,Telegram Premium – a subscription that unlocks dozens of exclusive features.,premium,1798673537
Telegram Premium,PremiumRussia,channel,2028047,"Telegram Premium — подписка, с которой Вы получаете доступ к десяткам эксклюзивных функций.",premium,1849268099
Telegram Premium,PremiumSpanish,channel,76381,"Telegram Premium, una suscripción que desbloquea decenas de funciones exclusivas.",premium,1813980508
Telegram Premium,PremiumUkraine,channel,62965,"Telegram Premium — підписка, яка надає користувачам доступ до десятків ексклюзивних можливостей.",premium,1640180940
PREMIUM CRYPTO,premiumj,channel,967,Ссылка для друзей👉https://t.me/+FJWAGk25rsg0NmZi,premium,1737971552
Premium,premium1,channel,37,,premium,2495579017
Solana Whales Group 🐳,Solanawhalesgroup,megagroup,1758,"Shill your project for at just 100 Stars , less than 2$ 🥳

@solanawhalesgroup Created for Solana Hustlers ❣️

Raydium slow👋 ? Use the best TG bot - 
  
https://t.me/achilles_trojanbot?start=r-chandupunter

DM @chandupunter for free updates 

#DYOR #NFA",group.,2060276017
Solidus AI Chat Group,solidusaichat,megagroup,113834,"🌐 Official Links:
www.aitech.io
https://x.com/AITECHio

✅ $AITECH Official Contract Address:
0x2d060ef4d6bf7f9e5edde373ab735513c0e4f944

📊 $AITECH now listed on these exchanges:
Kucoin | HTX | Gate | MEXC | BitGet | BingX | AscendEX | Pancakeswap",group.,1588076288
TronLink Official Group,TronLink,megagroup,19037,"TronLink
🏆Serves over 90% of all TRON users. Biggest player in TRON ecosystem regarding wallet products.
🏆Works closely with TRON mainnet team. Immediate upgrade and fix actions. Secure assets.
🏆Includes all TRON DApps and functions.
Visit:TronLink.org",group.,1282005971
The Moon Group,TheMoonGroup,megagroup,31203,"The Moon official group
YT: https://www.youtube.com/c/TheMoonCarl

Admins
- @HAMILTON_GILPIN
- @kenorb (@ea31337)
- @Bennidr (for business enquiries)",group.,1251396005
Coinfest Asia Official Group,coinfestasiaofficial,megagroup,4134,"Official Group of Coinfest Asia
Largest crypto festival in the world. Where innovation meets adoption.

BALI ☀️ Stay tuned for 2025

https://coinfest.asia",group.,1703409732
Tenset (10set) - Official chat group ENG,tenset_io_eng,megagroup,13674,"Official International chat for Tenset through English.

Announcement channel: @tensetio
Twitter: https://twitter.com/Tenset_io
Website: https://www.tenset.io/en",group.,1285551335
"لینکدونی |کانال،گپ،تلگرام،گروهکده،لینک،کده،یاب،دونی،لینگ،link4you,لینکی،تبلیغ،لینگدونی،اصلیlinkdooni💎LINKKADEH💎لینکدونی |همستر",groupp,channel,1721,♡بسݦ الله اݪرحمݩ اݪڔحیݥ♡,group.,1314295639
NK StockTalk™,NKsingh100,channel,74448,"This Channel is Made For educational purpose , Any view is only for Learning purpose no one will responsible for P&L so before trade ask your sebi registered advisor, I am not a sebi registered person, Using Experience and tukka 🙏 0612-3574345",stock,1453965774
Stocktwits India 🇮🇳,stocktwitsindia,channel,34866,"World's leading social media platform for traders and investors. 📈
Available on Web, iOS and Android.

Join Stocktwits for Free 👉 https://stocktwits.onelink.me/Lo6t/kyd82xjv",stock,1237177686
Stock Market News,stockl,channel,11353,"Contact:- @Executive_Robot
🕴️Not SEBI registered
🔸We  don't provide Paid groups paid calls and all, it's FREE channel Free information.
🔸Ads appearing on channel are paid promotion ( trust them at your own risk,we are not responsible)
 #stock #Market",stock,1265597045
Stock1,stock1,channel,1052,"بزرگترين مركز فروش ال این وان و لبتاب  استوك
Hatami 👌👌👌
09168075800👈👈👈
@samo61 😊
🔥🔥تخصصي ترين مركز فروش all in one👈",stock,1002152237
Onion,bot_market_onion,channel,27904,,market,1532034726
Market,Market,channel,12314,"@Market - Where we trade: 

1- US Index - SPX 500
2- US Stocks - Top 50 
3- XAU/ Gold
4- Dollar Index - DXY 
5- Forex - Top 5 Liquid pairs 
6- Indian Index - Nifty
7. Bitcoin and crypto",market,1343172620
Gutnik Oleg · Digital Marketing,websstudio,channel,78302,"Авторский блог маркетолога, который пережил мировой кризис, санкции, пандемию, блокировки соцсетей, уход брендов, мобилизацию и доллар по 110 рублей. 

Пишу про бизнес, фриланс и маркетинг.

Обучение: https://t.me/websstudio/2116

Автор: @OLEGGUT",market,1110043285
FP Markets,fpmarketsroom,channel,10528,"FP Markets is a multi-regulated broker established in 2005. We offer traders access to Derivatives across Forex, Indices, Commodities, Stocks and more on consistently tighter spreads  and unparalleled trading conditions. 24/7  Customer Support",market,1120402224
Яндекс Маркет,yndx_market,channel,473100,"Канал со скидками — https://t.me/+JfUWTRDNbg0zMjBi

4970252264",market,1735320397
MMPro Group & BUMP,marketmakingpro,channel,2725650,"🚀 BUMP - The Future of SocialFi Trading and Investment! 💰 Earn points, trade NFTs, and participate in Fair Launch events. 

Manager - @mmpro_support1",market,1393662912
Скидки на Маркете,marketbenefit,channel,226723,"Канал о скидках и распродажах на Яндекс Маркете. 

На момент, когда вы видите сообщение, товар или акция могут закончиться. Подробнее о наличии товара и сроках акции смотрите по ссылкам в постах. 

4970307172",market,1593706505
𝓔léanor 𝓜arket,MARKETq,channel,340,"˖ ࣪✦ A store a vintage ── ·﻿ balet theme the makes anyone interested fashionable shopping in this place  :

𖤝 . owner : @wBisnis
𖤝 . bot order : @eleanormart_bot
𖤝 . testimonials : @pefmbuktian",market,1585376728
