entity_id,username,title,type,members_count,invite_link,description,is_public,is_verified,is_restricted,category,language,discovery_term,discovery_date,last_message_date
2249347109,Elliott_Wave_Forex,Elliott Wave forex,channel,31974,https://t.me/Elliott_Wave_Forex,"ğŸ“Œ Why Forex Trading is Better than Indian market?
1) 24 Hour's Market Time
2) No Premium Decay 
3) High Margin To Maximize Gains
5) Forex Trading can Be Done With 150-200 Dollars ğŸ’°
6) Instant Deposit Withdrawals ğŸ“ˆ

Contact:ğŸ‘‰ @Forex_Trader_teams",True,False,False,forex,en,forex,2025-05-14 20:25:59,2025-05-14 12:29:44
1811069819,Forex_Signal_Gold_Pro_Trader,Gold Pro Trader ğŸ“ˆ,channel,56984,https://t.me/Forex_Signal_Gold_Pro_Trader,We will be provide #Xauusd #gbpjpy #btcusd Signal with High Accuracy,True,False,False,crypto,unknown,forex,2025-05-14 20:25:59,2025-05-14 17:37:10
2263666394,forex_signals_premium_index_news,Forex Signals premium news,channel,39507,https://t.me/forex_signals_premium_index_news,"âœ”ï¸5 FREE Forex, Gold, Index trading signals a day

âœ”ï¸BEST VIP SIGNALS +1000 pips/week 

âœ”ï¸FREE COPY TRADING",True,False,False,forex,en,forex,2025-05-14 20:25:59,2025-05-14 12:43:18
2640132325,Gbpjpyforex_signals,GBP/JPY FOREX SIGNALS,channel,82268,https://t.me/Gbpjpyforex_signals,"We give out both forex signals and indicatorsğŸš¦ as well as strategy and teach forexâœ… 
- Live tradingğŸ“²
- SignalsğŸ“Š
- Private Q&A groups 
ğŸ“‰For VIP paid services 
CONTACT ADMIN â˜ï¸ @Chat_Akeem_Mayi",True,False,False,crypto,en,forex,2025-05-14 20:25:59,2025-05-14 12:33:59
2072387989,forex_new,Forex Gold Sinyal,channel,70225,https://t.me/forex_new,PiyasanÄ±n en iyi analizcilerin olduÄŸu tek kanal - Ä°letiÅŸime geÃ§mek iÃ§in : @Signal_goldens,True,False,False,forex,tr,forex,2025-05-14 20:25:59,2025-05-14 12:42:15
1942594776,forexsignals01_trade,Forexsignal.ioğŸ‡¬ğŸ‡§ğŸ‡ºğŸ‡¸,channel,752819,https://t.me/forexsignals01_trade,"t.me/LOUIS_DONALD_ADMINFX
Best Telegram Channel for Forex Signals and Investment plans
-Our Forex Signals & Technical Analyses Are Based On Price Action, Momentum, and Previous Active Price Points
-Weekly 1000+ forex.
ğŸ”° CONTACT

t.me/LOUIS_DONALD_ADMINFX",True,False,False,forex,en,forex,2025-05-14 20:25:59,2025-05-14 17:26:20
1092443297,forexl,Trade with DD,channel,5111,https://t.me/forexl,"http://t.me/forexl
ğŸ‘‰ Don't loss your mone With Scammer click on link and Get Signals free
ğŸ‘‰ Profitable managers 15% Maximum Drawdown make Huge profit life time
+923060489141ğŸ“²
https://whatsapp.com/channel/0029VaXgS8d30LKGthOFIe0n",True,False,False,forex,en,forex,2025-05-14 20:26:00,2025-05-14 14:19:17
2586937373,vfx_fxx,VFX MAIN CHANNEL,channel,1840,https://t.me/vfx_fxx,"Trading insights & market updates.
Educational content. Smart strategies.
No financial advice. No hype.",True,False,False,crypto,en,fx,2025-05-14 20:26:03,2025-05-14 18:09:00
2334878089,forextrading_az,Forex Trading,channel,7176,https://t.me/forextrading_az,Forex-lÉ™ baÄŸlÄ± maraqlÄ± paylaÅŸÄ±mlar vÉ™ bilgilÉ™rğŸ“ˆğŸ“šğŸ“Œ,True,False,False,crypto,en,forextrading,2025-05-14 20:26:06,2025-04-11 18:50:09
1071172551,forextradingwithabdalhady,forex trading with abdalhady,channel,2351,https://t.me/forextradingwithabdalhady,"""When you know how to use time with price then you know how to trade""
Ù…ØªÙ‰ Ø¹Ø±ÙØª ÙƒÙŠÙ ØªØ³ØªØ®Ø¯Ù… Ø§Ù„ÙˆÙ‚Øª Ù…Ø¹ Ø§Ù„Ø³Ø¹Ø± ÙØ§Ù†Øª ØªØ¹Ø±Ù ÙƒÙŠÙ ØªØªØ§Ø¬Ø±",True,False,False,crypto,en,forextrading,2025-05-14 20:26:06,2025-05-12 23:03:42
1680693006,forextradingmastersi,ğŸ†ğ…ğğ‘ğ„ğ— ğ“ğ‘ğ€ğƒğˆğğ† ğŒğ€ğ’ğ“ğ„ğ‘ğŸ†,megagroup,2929,https://t.me/forextradingmastersi,"ğŸ‘Forex & Binary Account Management Service is AvailableğŸ‘ˆ 
ğŸŒ¸Minimum 100$ 200$ 300$ 400$ 500$ 1000$ To Unlimited
ğŸ¤™50%50. Profit share
Profit Sharing Methods Through Skrill,Netler,BTC, Webmoney, Perfect money
     
â˜ï¸ @Sharique55
ğŸ–•ğŸ–•",True,False,False,crypto,unknown,forextrading,2025-05-14 20:26:06,2025-05-08 11:41:39
1532148260,ForexTradingCyprus,ğ‘­ğ’ğ’“ğ’†ğ’™ ğ‘»ğ’“ğ’‚ğ’…ğ’Šğ’ğ’ˆ ğ‘ªğ’šğ’‘ğ’“ğ’–ğ’”ğŸ“ˆğŸ’±ğŸ“‰,megagroup,1207,https://t.me/ForexTradingCyprus,"ğ‘†ğ‘¢ğ‘ğ‘ğ‘™ğ‘¦ & ğ·ğ‘’ğ‘šğ‘ğ‘›ğ‘‘ ğ‘‡ğ‘Ÿğ‘ğ‘‘ğ‘’ğ‘Ÿ  

ğ‘ƒğ‘Ÿğ‘œğ‘ğ‘“ğ‘–ğ‘Ÿğ‘š ğ‘ğ‘›ğ‘‘ ğ·ğ‘ğ‘¦ ğ‘‡ğ‘Ÿğ‘ğ‘‘ğ‘’ğ‘Ÿ

ğ¶ğ‘œğ‘›ğ‘¡ğ‘ğ‘ğ‘¡ ğ‘€ğ‘’ @RichieOneFx",True,False,False,forex,unknown,forextrading,2025-05-14 20:26:06,2025-05-14 16:54:15
1549509325,forextradingMaster2230,GOLD VIP SIGNALS,megagroup,1546,https://t.me/forextradingMaster2230,"ğŸ‘Forex & Binary Account Management Service is AvailableğŸ‘ˆ 
ğŸŒ¸Minimum 100$ 200$ 300$ 400$ 500$ 1000$ To Unlimited
ğŸ¤™50%50. Profit share
Profit Sharing Methods Through Skrill,Netler,BTC, Webmoney, Perfect money
     
â˜ï¸ @Javidali13
ğŸ–•ğŸ–•",True,False,False,crypto,en,forextrading,2025-05-14 20:26:07,2024-03-31 02:56:40
1442936465,ForexTradingHQ,âš ï¸Discontinued âš ï¸,channel,1017,https://t.me/ForexTradingHQ,"This telegram is for educational and learning purposes.

Disclaimer: Trade at your own risk. Results may vary. Past performance does not guarantee future results. Never risk what you're not willing to lose.",True,False,False,unknown,es,forextrading,2025-05-14 20:26:07,2023-02-24 00:50:48
2178298490,Forextrading5,Forex trading 5,channel,153,https://t.me/Forextrading5,forex trading Expert #xauusd   invest 10k for  10% profit my team join now,True,False,False,crypto,es,forextrading,2025-05-14 20:26:07,2025-05-05 06:46:33
1754950575,ForexTradingJ,Forex Trading Signals JS,channel,41,https://t.me/ForexTradingJ,"ã€½ï¸Daily Forex Signal
ã€½ï¸85-95% accuracy
ã€½ï¸VIP SIGNALS $15

#COPY_TRADING_Service",True,False,False,crypto,en,forextrading,2025-05-14 20:26:07,2024-02-24 00:57:22
2383746942,Forexsignal_comm,ForexSignals.ComğŸ“Š Â®ï¸,channel,24170,https://t.me/Forexsignal_comm,"10 Years Experience in ğŸ‘‡
#BTCUSDm
#XAUUSDm
#GBPJPYm
#GBPCADm
#GBPAUDm
#GBPCHFm
#GBPUSDm
#US30m
#EURJPYm
#EURNZDm
#CADJPYm
#AUDCADm
#EURCADm
#EURCHFm
#EURAUDm
#USDJPYm
#USDCADm
#NZDUSDm

Contact AdminğŸ“²:

Â https://t.me/Team_Support_Admin01",True,False,False,forex,en,forexsignals,2025-05-14 20:26:11,2025-05-14 15:37:30
1005437351,ForexSignals,ForexSignals,channel,3681,https://t.me/ForexSignals,"ğŸ”´ğŸŸ ğŸŸ¡âšªï¸
https://t.me/ForexCalendar
ğŸ”´ğŸŸ ğŸŸ¡âšªï¸
â˜˜ï¸ The first channel of forex signals
â˜˜ï¸Daily 2-3 free signals

Support English:@wikionline

https://www.paypal.me/wikionline",True,False,False,forex,en,forexsignals,2025-05-14 20:26:11,2025-05-14 13:13:53
2410904482,ForexSignalsBluePips_official,FOREX SIGNALS BLUE PIPS,channel,18083,https://t.me/ForexSignalsBluePips_official,"ğŸ“Œ Why Forex Trading is Better than Indian market?
1) 24 Hour's Market Time
2) No Premium Decay 
3) High Margin To Maximize Gains
5) Forex Trading can Be Done With 150-200 Dollars ğŸ’°
6) Instant Deposit Withdrawals ğŸ“ˆ

Contact:ğŸ‘‰ @Forexpaid_signalsâœ…",True,False,False,forex,en,forexsignals,2025-05-14 20:26:11,2025-05-14 12:48:53
1819203875,forexsignalsxauusdl,Forex Signals ğŸ”¥ğŸ’° XAUUSD,channel,24716,https://t.me/forexsignalsxauusdl,"Channel that made on public demand and because of Accuracy we holdğŸ”¥ and Massive Profits we make ğŸ’°

Contact: @Ahmedforexs",True,False,False,forex,en,forexsignals,2025-05-14 20:26:11,2025-05-14 14:27:58
1249508741,forexsignalsxauusd,Forex SignalsğŸ”¥ğŸ’° XAUUSD,channel,14026,https://t.me/forexsignalsxauusd,"Channel that made on public demand and because of Accuracy we holdğŸ”¥ and Massive Profits we make ğŸ’°

https://forexsignalsxauusd.com",True,False,False,forex,en,forexsignals,2025-05-14 20:26:12,2025-05-14 12:52:36
1326583812,Official_ForexSignals,ForexSignals.io ğŸ‡¬ğŸ‡§,channel,9858,https://t.me/Official_ForexSignals,"Forex Professionals ğŸ‡¬ğŸ‡§
15+ Years Combined 

Gold/US30/NASDAQ/FX 

Get VIP Access ğŸ¤– 
âœ… @FXSio_Bot

ğŸ‘¨â€ğŸ’»Start COPYING our VIP trades Automaticallyâ€¦
ğŸš€ğŸ”¥ https://app.copygram.app?via=forexsignals",True,False,False,forex,es,forexsignals,2025-05-14 20:26:12,2025-05-05 06:53:17
1288801292,forexsignalsspot,Forex Trading Spot - FREE,channel,4230,https://t.me/forexsignalsspot,"LETâ€™S MAKE TRADING EASIER TOGETHER ğŸš€

Our website:
ğŸ‘‰ğŸ¼ https://forex-trading-spot.com

Contact us: 
ğŸ‘‰ğŸ¼ @forex_signals_spot_admin",True,False,False,crypto,en,forexsignals,2025-05-14 20:26:12,2025-05-11 13:04:52
1375094118,forexsignalsz,Forex_Signalsz,channel,5097,https://t.me/forexsignalsz,"Email: fsignalss@gmail.com
Id support: @ffsignalss
Persian,english
FREE SIGNALS FOREX GOLD BITCOIN
ØªØ­Ù„ÛŒÙ„ Ù‡Ø§ÛŒ Ø¨Ù„Ù†Ø¯ Ù…Ø¯Øª ÙØ§Ø±Ú©Ø³
Ø³ÛŒÚ¯Ù†Ø§Ù„Ù‡Ø§ÛŒ Ø±Ø§ÛŒÚ¯Ø§Ù† ÙØ§Ø±Ú©Ø³ Ø› Ø§Ø³ØªØ±Ø§ØªÚ˜ÛŒ Ø±Ø§ÛŒÚ¯Ø§Ù† ÙØ§Ø±Ú©Ø³ Ø› Ú©Ø§Ù†Ø§Ù„ ÙˆÛŒÚ˜Ù‡ Ø³ÛŒÚ¯Ù†Ø§Ù„ Ø±Ø§ÛŒÚ¯Ø§Ù†- Ø¨ÛŒØ´ Ø§Ø² 9 Ø³Ø§Ù„ ØªØ¬Ø±Ø¨Ù‡",True,False,False,crypto,en,forexsignals,2025-05-14 20:26:12,2025-05-14 17:04:53
1268395206,forexsignalsr,Synthetic Indices Signals 24/7 ğŸ“ˆ,channel,103,https://t.me/forexsignalsr,"Vix, Boom, Crash, Step Index etc. Signals
Respect risk management all times
Follow the discipline",True,False,False,unknown,es,forexsignals,2025-05-14 20:26:12,2025-01-13 08:24:05
1692892313,ForexMarketSeasonalPatterns,Forex Market Seasonal Patterns,channel,1159,https://t.me/ForexMarketSeasonalPatterns,,True,False,False,forex,en,forexmarket,2025-05-14 20:26:16,2023-08-17 18:00:35
2441811985,forexmarketkillerfreechannel,FOREX MARKET KILLER ğŸ“ŠğŸ”¥ğŸ‘Œ,channel,32,https://t.me/forexmarketkillerfreechannel,"BUILDING AN EMPIRE: 
Welcome to our FMK Trade Group:

This is where we discuss All Trading Topics ğŸ“ˆ & Help each other grow in the markets Daily!!",True,False,False,crypto,en,forexmarket,2025-05-14 20:26:16,2025-05-12 05:39:29
2269472682,forexmarketkiller729,Forex Binary trader,channel,8813,https://t.me/forexmarketkiller729,"â˜‘ï¸Account Management Details:
ğŸ”¥Minimum 100$
ğŸ‘50/50 share Profit
ğŸšœMax Drawdown 10%
ğŸŒï¸â€â™‚ï¸95% Accuracy
ğŸŒï¸â€â™€ï¸Every Broker Accepted 
Contact admin    @joviservices",True,False,False,forex,es,forexmarket,2025-05-14 20:26:16,2025-05-13 20:14:54
1377696292,ForexMarketsHub,Ø£Ø³ÙˆØ§Ù‚ Ø§Ù„ÙÙˆØ±ÙƒØ³| Forex Markets,channel,2484,https://t.me/ForexMarketsHub,"ğŸ’¹ ÙƒÙ„ Ø¬Ø¯ÙŠØ¯ Ø¹Ù† Ø¹Ø§Ù„Ù… Ø§Ù„ÙÙˆØ±ÙƒØ³ Ø¨ÙŠÙ† ÙŠØ¯ÙŠÙƒ!
ØªØ­Ù„ÙŠÙ„Ø§Øª Ù„Ø­Ø¸ÙŠØ© â€“ ÙØ±Øµ ØªØ¯Ø§ÙˆÙ„ ÙŠÙˆÙ…ÙŠØ© â€“ Ø¢Ø®Ø± Ø£Ø®Ø¨Ø§Ø± Ø§Ù„Ø¹Ù…Ù„Ø§Øª.
ØªØ§Ø¨Ø¹ Ø£Ù‚ÙˆÙ‰ Ø£Ø²ÙˆØ§Ø¬ Ø§Ù„Ø¹Ù…Ù„Ø§Øª Ù…Ø¹ ØªØºØ·ÙŠØ© ÙÙ†ÙŠØ© ÙˆØ£Ø³Ø§Ø³ÙŠØ© Ù…Ø­Ø¯Ø«Ø©!
#ÙÙˆØ±ÙƒØ³ #ØªØ¯Ø§ÙˆÙ„ #ØªØ­Ù„ÙŠÙ„_ÙÙ†ÙŠ #Ø¹Ù…Ù„Ø§Øª_Ø£Ø¬Ù†Ø¨ÙŠØ©",True,False,False,forex,en,forexmarket,2025-05-14 20:26:16,2025-05-13 12:16:25
2147499946,forexmarketmaste,Forex gold vip,megagroup,2516,https://t.me/forexmarketmaste,"* ÙˆÙØªÙØ¹ÙØ²Ù Ù…ÙÙ† ØªÙØ´ÙØ§Ø¡ ÙˆÙØªÙØ°ÙÙ„Ù Ù…ÙÙ† ØªÙØ´ÙØ§Ø¡
#REAL ACCOUNT MANAGEMENT AVAILABLE 
âœ…100% 
âœ…100% real 
âœ…100% profits guaranteed 
âœ…Safe and very reliable 
âœ…Invest with us and get your profits
âœ…100% trusted platform
Click ğŸ“¥ @Zaidkhan218",True,False,False,forex,es,forexmarket,2025-05-14 20:26:16,2025-05-14 16:39:56
1998579103,Forexmarketsss,Learn trading | Forex!,channel,2596,https://t.me/Forexmarketsss,"Every details about Forex trading.
 Request and Learn how to trade forex.

We advise you to carefully consider whether trading is appropriate for you based on your personal circumstances. You may lose more than you invest.â—ï¸

Creator ğŸ‘‰ @blackish65",True,False,False,crypto,es,forexmarket,2025-05-14 20:26:31,2025-05-14 08:22:43
1504886592,forexmarket0,Forex market trader,channel,23,https://t.me/forexmarket0,Make frofit make money ğŸ’°ğŸ’°,True,False,False,forex,en,forexmarket,2025-05-14 20:26:31,2022-02-26 02:25:02
1774157395,forexmarketf,Forex Market,channel,6,https://t.me/forexmarketf,,True,False,False,forex,en,forexmarket,2025-05-14 20:26:31,2022-07-17 17:48:01
1846594677,forexmarketq,Forex Academy,channel,3,https://t.me/forexmarketq,"We are experienced team of forex trading if you are in loss join with us for  free profitable trades 
ğŸ’°ğŸ’°",True,False,False,crypto,es,forexmarket,2025-05-14 20:26:31,2023-04-29 14:44:06
1308785417,headlines_for_traders,headlines,channel,122312,https://t.me/headlines_for_traders,"â–ªï¸ÑĞµĞ½ÑĞ°Ñ†Ğ¸Ğ¾Ğ½Ğ½Ñ‹Ğµ Ğ½Ğ¾Ğ²Ğ¾ÑÑ‚Ğ¸
â–ªï¸Ğ´Ğ»Ñ Ñ‚Ñ€ĞµĞ¹Ğ´ĞµÑ€Ğ¾Ğ² Ğ¸ Ğ¸Ğ½Ğ²ĞµÑÑ‚Ğ¾Ñ€Ğ¾Ğ²
â–ªï¸ÑĞ¾ Ğ²ÑĞµÑ… Ğ¼Ğ¸Ñ€Ğ¾Ğ²Ñ‹Ñ… Ğ¸ÑÑ‚Ğ¾Ñ‡Ğ½Ğ¸ĞºĞ¾Ğ²

@headlines_QUANTS
@headlines_FOREX
@headlines_GEO
@renat_vv

Ñ€ĞµĞºĞ»Ğ°Ğ¼Ğ° @hh_vvv_hh

https://knd.gov.ru/license?id=673b83186afad41667ca2e04&registryType=bloggersPermission",True,False,False,forex,es,trader,2025-05-14 20:26:35,2025-05-14 15:15:00
2402447086,GaryGoldTradermoves,Gold Trader Mo ğŸ¤´ğŸ½(PREMIUM ),channel,11531,https://t.me/GaryGoldTradermoves,"GTMO International ğŸŒ

ğŸ“£ daily 4-6 Trading Signals
ğŸ“ daily live results
 #GTMO #Goldtradermo #Xauusd",True,False,False,crypto,en,trader,2025-05-14 20:26:35,2025-05-14 17:37:20
2088103991,hindustan_trader_7,HINDUSTAN TRADER,channel,35786,https://t.me/hindustan_trader_7,,True,False,False,forex,unknown,trader,2025-05-14 20:26:35,2025-05-14 14:47:15
1774783341,Gary_TheTrader,GARY GOLD TRADER,channel,198366,https://t.me/Gary_TheTrader,"ğŸ‘‘ GARY ğŸ‘‘

Free Education & Signal Daily ğŸ“‰
Focus on Gold/XAUUSD ğŸ“ˆ
5 years of Experience ğŸ“‰
Global Gold Trader ğŸ“ˆ
Sharp Entry & Sniper Entry ğŸ“‰",True,False,False,forex,unknown,trader,2025-05-14 20:26:36,2025-05-14 13:19:31
1152572031,hindustantrader_0,HINDUSTAN TRADER ğŸ”¥ğŸ”¥,channel,210440,https://t.me/hindustantrader_0,"#Hindustan_trader #Hindustan #Trader
ğƒğˆğ’ğ‚ğ‹ğ€ğˆğŒğ„ğ‘ :-
This channel is for stock market study and learning purposes only.  providing all view for educational purpose only. Analyze and trade at your own risk",True,False,False,forex,es,trader,2025-05-14 20:26:36,2025-05-14 13:48:19
1502595270,Bybit_Bayanihan_ann,Bybit Bayanihan Traders Annc,channel,1017,https://t.me/Bybit_Bayanihan_ann,"Bybit is a cryptocurrency spot and derivatives exchange offering inverse, linear perpetual, quarterly futures contracts with up to 100x leverage.

Site: https://bybit.com
Ann: https://t.me/Bybit_Announcements
FB Group (PH): https://bit.ly/2YfqndD",True,True,False,crypto,es,trader,2025-05-14 20:26:36,2025-04-26 14:27:09
2424165663,daytradingIG,Day Trading,channel,21829,https://t.me/daytradingIG,"Realtime alerts on Stocks, Crypto, Technology & News",True,False,False,crypto,en,daytrading,2025-05-14 20:26:40,2025-05-14 18:22:45
1644912152,DayTradingRauf,Day Trading Raufâ€™s Group,channel,6933,https://t.me/DayTradingRauf,"Creating independent traders. 

Only account : @DayTraderRauf",True,False,False,crypto,en,daytrading,2025-05-14 20:26:40,2025-05-12 00:47:16
1377698872,XRPTraders,XRP Daytrading,megagroup,2278,https://t.me/XRPTraders,XRP Trading,True,False,False,crypto,en,daytrading,2025-05-14 20:26:40,2025-05-11 01:30:05
2632692076,daytradingturkiye,DayTradingTÃ¼rkiye - HEKATRADER,megagroup,216,https://t.me/daytradingturkiye,,True,False,False,forex,en,daytrading,2025-05-14 20:26:40,2025-05-14 14:57:06
1248854444,DayTradingLtd1,Daytradingltd ENURI platform,megagroup,762,https://t.me/DayTradingLtd1,"MR.PERSAUD

For those who wants to recover accounts, you guys can try follow Persaud entry okay. I have 5 years experience in Gold trade. We will grab the market together ğŸ˜‰

Beware of scammers pretending to be me. No account managements â€¼ï¸

Only contact",True,False,False,crypto,en,daytrading,2025-05-14 20:26:40,2025-05-12 06:57:18
2415292893,wieland_trades_daytrading,WIELAND TRADES,channel,85,https://t.me/wieland_trades_daytrading,I DayTrade Futures Live on Youtube! 9am Est !,True,False,False,unknown,es,daytrading,2025-05-14 20:26:40,2025-05-06 07:02:08
1384158665,trading2ez_Signals,Trading2ez: Daytrading-Signals,channel,548,https://t.me/trading2ez_Signals,"Welcome to our Daytrading-Signal-Service! 

I hope you will enjoy your time here and have some awesome trades with us. 

1. Read pinned message please.
2. Community-Chat -> t.me/trading2ez_chat",True,False,False,crypto,en,daytrading,2025-05-14 20:26:41,2024-02-19 09:13:51
2465442142,daytradingi,day trading institution officialâ„¢,channel,2360,https://t.me/daytradingi,,True,False,False,crypto,en,daytrading,2025-05-14 20:26:41,2025-05-07 00:48:12
1446944486,daytradingn,DAY TRADING INVESTMENT LTD,megagroup,31,https://t.me/daytradingn,,True,False,False,crypto,en,daytrading,2025-05-14 20:26:41,2025-03-17 17:44:05
1485092935,currencytradingcalls,"CURRENCY TRADING USDINR,GBPINR, EURINR, JPYINR",channel,1004,https://t.me/currencytradingcalls,We provide calls for currency trading. We provide calls only when we are 90% sure. Earning made simple by us. Trade on ur own risk. We r not responsible for any losses held by u.,True,False,False,crypto,es,currencytrading,2025-05-14 20:26:45,2025-04-02 09:56:17
1433157624,currencytradinginr,Financial Focus,channel,154,https://t.me/currencytradinginr,"INDIA'S FIRST ACTIVE GROUP OF INDIAN CURRENCY TRADING AND STOCK

DAILY  UPDATES,

EDUCATIONAL STUFFS,

DISCLAIMER:
We are not sebi registered analyst.All posts here are for educational purpose. We are not responsible for any losses or profit you make.",True,False,False,crypto,es,currencytrading,2025-05-14 20:26:45,2024-09-05 04:01:15
1353069239,Currencytradingusdinr,TREAD WITH VISHAL,channel,10,https://t.me/Currencytradingusdinr,"We are Not Sebi Registered Before Enter The trade Do Your Own Research

@Vishal4727",True,False,False,unknown,es,currencytrading,2025-05-14 20:26:45,2020-05-18 10:44:21
1687331311,CurrencyTradingXHS,å¤–æ±‡äº¤æ˜“24å°æ—¶äº¤æµç¾¤ğŸ“ˆğŸ“ŠğŸ“‰,megagroup,6,https://t.me/CurrencyTradingXHS,,True,False,False,unknown,unknown,currencytrading,2025-05-14 20:26:46,2024-01-24 00:21:10
1346220051,currencytradingskill,Currency trading,channel,5,https://t.me/currencytradingskill,"Currencytrading, usd, euro, dinar",True,False,False,crypto,en,currencytrading,2025-05-14 20:26:46,2020-09-26 06:53:16
1627851102,Currencytrading1,Currency Trading,channel,1,https://t.me/Currencytrading1,"It's just my view
Twitter: https://twitter.com/Umangkakadiya07?t=Xq0dgsGbz3CoEiyoh0tHZQ&s=09",True,False,False,crypto,en,currencytrading,2025-05-14 20:26:46,2022-06-18 11:32:50
1814562728,Gold_pips_signals,Forex Gold Signals,channel,80394,https://t.me/Gold_pips_signals,PiyasanÄ±n en iyi analizcilerin olduÄŸu tek kanal -,True,False,False,forex,en,pips,2025-05-14 20:26:50,2025-05-14 16:20:27
2494813464,pips_1000_Builder_official,1000pips Builder official,channel,13352,https://t.me/pips_1000_Builder_official,#1000pips Builder (Free signals),True,False,False,forex,en,pips,2025-05-14 20:26:50,2025-05-14 17:41:23
2071239665,Pipscalldegens,PipscallsDegens,channel,7577,https://t.me/Pipscalldegens,"Let's play degens, let's have fun everyone and keep printing your money #NFA #DYOR 

Owner @Pipstune Twitter @Pipstune",True,False,False,forex,unknown,pips,2025-05-14 20:26:50,2025-05-14 10:43:11
2257898414,PIPS_1000000,1000PIPS BUILDER (FOREX_MARKET),channel,26084,https://t.me/PIPS_1000000,"âœ…Safe Account Management
âœ…Always Safe Your Capital Equity
âœ…No Risk No Loss
âœ…Daily Huge Profit",True,False,False,forex,en,pips,2025-05-14 20:26:50,2025-05-14 13:56:21
1723178368,crypto_scalping_live,crypto scalping,channel,10396,https://t.me/crypto_scalping_live,https://t.me/+6qvAddSfdF05YzMy,True,False,False,crypto,en,scalping,2025-05-14 20:26:52,2025-05-14 18:03:03
2112794995,XAUUSD_SCALPING_SIGNAL_S,XAUUSD/GOLD SCALPER,channel,9981,https://t.me/XAUUSD_SCALPING_SIGNAL_S,"Welcome to XAUUSD/GOLD SCALPERS 

Don't be in a hurry, join and Stay tuned.

We have the best Forex signals 

Turn on post notification so you never miss a single signalğŸ’¯ Admin @GOLD_SCALPER_ADMINN",True,False,False,forex,es,scalping,2025-05-14 20:27:01,2025-05-14 16:58:33
1605448798,Forex_Signals_Scalping,FOREX SIGNALS SCALPING,channel,34443,https://t.me/Forex_Signals_Scalping,"Forex Signals scalp trades.

We are experts in short term trades. 

Free Forex Signals and Analysis.",True,False,False,forex,es,scalping,2025-05-14 20:27:02,2025-05-14 16:41:54
1440695174,Fx99Scalping,ğŸ’¯ 99 FX SCALPING - FOREX & GOLD SCALPING,channel,17719,https://t.me/Fx99Scalping,"âœ… Forex and Gold Signals
âœ… Scalping and Swing Signals

Support @SPFX99",True,False,False,forex,en,scalping,2025-05-14 20:27:02,2025-05-14 07:55:49
1909416531,hmdgoldsignals,Gold Scalping Signals,channel,1180,https://t.me/hmdgoldsignals,Gold Scalping Signals,True,False,False,forex,en,scalping,2025-05-14 20:27:02,2025-04-17 14:19:10
1910942875,mrscalping0,Mr Scalping,channel,36112,https://t.me/mrscalping0,"I am not a SEBI Registered Analyst, Anything posted here is my own analysis and Views.
Always consult your Financial Advisor before taking any decision.",True,False,False,forex,unknown,scalping,2025-05-14 20:27:02,2025-05-14 17:24:52
1714049023,ShibaDoge_Labs,ShibaDoge: $SHIBDOGE $BURN,megagroup,14500,https://t.me/ShibaDoge_Labs,"SHIBDOGE Website: realshibadoge.com
Burn Website: burn.realshibadoge.com
Whitepaper: https://whitepaper.realshibadoge.com                     
Twitter: https://twitter.com/realshibadoge
YouTube: m.youtube.com/channel/UCBwX5PJ7jtwL0HFZrztmacg",True,True,False,unknown,unknown,my_dialogs,2025-05-15 00:49:09,2025-05-14 22:48:31
2164413689,Based_ShibaInu_News,Based ShibaInu News,megagroup,368,https://t.me/Based_ShibaInu_News,,True,False,False,unknown,unknown,my_dialogs,2025-05-15 00:49:10,2025-05-14 22:45:26
1989262367,HardSnipe,Ev's Alphas,channel,15891,https://t.me/HardSnipe,"The man behind every solana coin!

dm: @IamRekt

X.com/Hardsnipe",True,False,False,unknown,unknown,my_dialogs,2025-05-15 00:49:10,2025-05-14 22:43:03
2675985847,,VFX - VIP PROP CAPITAL TRADING,channel,7,,VFX - VIP PROP CAPITAL TRADING,False,False,False,crypto,en,my_dialogs,2025-05-15 00:49:10,2025-05-14 22:40:00
2050218130,CallAnalyserSol,Call Analyser (SOL Only),channel,29619,https://t.me/CallAnalyserSol,"All channels: https://t.me/addlist/rV1KJiyIYTdkMTM1
Bot: @TokenPingBot | @CallAnalyserBot
Listing: @tomriddle010 | Owner: @basedev0x
Calls from qualified channels only.
NFA & DYOR.",True,False,False,unknown,unknown,my_dialogs,2025-05-15 00:49:10,2025-05-14 22:36:47
1867934972,walloftrophies,KOL Trending (@CallAnalyser),channel,15620,https://t.me/walloftrophies,"All channels: https://t.me/addlist/rV1KJiyIYTdkMTM1
Bot: @TokenPingBot | @CallAnalyserBot
Listing: @tomriddle010 | Owner: @basedev0x
Calls from qualified channels only.
X: https://x.com/CallAnalyser0x
NFA & DYOR.",True,False,False,unknown,unknown,my_dialogs,2025-05-15 00:49:10,2025-05-14 22:35:01
1730427571,CallAnalyser,Call Analyser,channel,58306,https://t.me/CallAnalyser,"Listing qualified call channels only.
All channels: https://t.me/addlist/rV1KJiyIYTdkMTM1
Bot: @TokenPingBot & @CallAnalyserBot
ğŸ“¥Request listing channels: @tomriddle010
ğŸ¦Owner: @basedev0x
X: https://x.com/CallAnalyser0x
NFA & DYOR.",True,False,False,unknown,es,my_dialogs,2025-05-15 00:49:10,2025-05-14 22:31:50
2697690452,,VFX - VIP SIGNALS,channel,7,,VFX - VIP SIGNALS,False,False,False,forex,en,my_dialogs,2025-05-15 00:49:11,2025-05-14 22:31:31
1526686479,flockerzpotarl,Flockerz | Chat,megagroup,16574,https://t.me/flockerzpotarl,AUdUEc98MGfEHJiJfCgMaW8gKdcfNDio8BFzGKBwjztC,True,False,False,unknown,unknown,my_dialogs,2025-05-15 00:49:11,2025-05-14 22:31:04
2575685046,,VFX - VIP AUTOMATED STRATEGY,channel,8,,VFX - VIP AUTOMATED STRATEGY,False,False,False,forex,unknown,my_dialogs,2025-05-15 00:49:11,2025-05-14 22:30:00
2109369926,basedshibainu,Based ShibaInu,megagroup,5751,https://t.me/basedshibainu,,True,False,False,unknown,unknown,my_dialogs,2025-05-15 00:49:11,2025-05-14 22:27:28
1355642881,CryptoDeusGems,CryptoDeus Gems ğŸ’ğŸ¦,channel,39476,https://t.me/CryptoDeusGems,"I am a Degen Ape sharing my ride. Always looking for new narratives and 1000x.

Nothing I share here is financial advice

Contact @CryptoDeus2 only DM for promo

Twitter https://twitter.com/CryptoDeus2",True,False,False,crypto,es,my_dialogs,2025-05-15 00:49:11,2025-05-14 21:36:36
2086003521,GenesisChain_Calls,GENESIS CHAIN CALLS,channel,20667,https://t.me/GenesisChain_Calls,"For promotion DM @GENESIS_CHAI only âš ï¸âš ï¸

Twitter: https://x.com/genesis_wizz

Chat group: https://t.me/GeNeSiS_Lounge

ğŸš¨ My calls are NOT FINANCIAL ADVICE. DO YOUR OWN RESEARCH ğŸ”¬ 

welcome to GENESIS CHAIN channel for gambles and gems.",True,False,False,unknown,es,my_dialogs,2025-05-15 00:49:11,2025-05-14 21:29:51
2021061730,SolMemeSignals,Solana Meme Pump,channel,69779,https://t.me/SolMemeSignals,"Community of ""pumpers"" who are ready to send meme coins to the moonğŸŒ‘


No posts are financial advice!
Crypto is high risk / high reward market, don't forget to DYOR! ğŸ¤

DM: @Vistro_sol",True,False,False,crypto,en,my_dialogs,2025-05-15 00:49:12,2025-05-14 21:00:01
2011750838,signals_binance_trading_crypto,signals trading futures,megagroup,39654,https://t.me/signals_binance_trading_crypto,,True,False,False,crypto,en,my_dialogs,2025-05-15 00:49:12,2025-05-14 18:41:19
1274522536,crypto_Winston,CRYPTO WINSTON â„¢,channel,73188,https://t.me/crypto_Winston,"S11 membership fee ğŸ‘‡

1 month 49 USDT
lifetime 499 USDT ğŸŠ

To subscribe to the #Premium channel, refer to the following ID ğŸ‘‡
â€Œ
1- @premium10X_bot

2- @premium20X_bot

3- @premium125X_bot",True,False,False,crypto,en,my_dialogs,2025-05-15 00:49:12,2025-05-14 18:40:05
2054266951,CTOCENTRAL,CTO CENTRAL | SOLANA,megagroup,1061,https://t.me/CTOCENTRAL,"TG: https://t.me/CTOCENTRAL

Twitter: https://twitter.com/ctocentral

Scans: @AustinScans

Disclaimer: NOTHING IN THIS TELEGRAM IS FINANCIAL ADVICE",True,False,False,unknown,unknown,my_dialogs,2025-05-15 00:49:12,2025-05-14 18:05:46
2159223815,Sendor_cto,$sendor - cto,megagroup,722,https://t.me/Sendor_cto,"https://x.com/sendorcto                                                   
ca - E9pqwP37fggDQ4L5hQdAJkgxjwrXZjv6rwMfiu7fpump",True,False,False,unknown,unknown,my_dialogs,2025-05-15 00:49:12,2025-05-14 17:23:58
1838918343,EZMoneyCalls,EZ Moneyâ€™s Gems ğŸ’,channel,38326,https://t.me/EZMoneyCalls,"Dm @EzmoneyInquiries for promotions, everything else is a scam.

I trade with $PADRE -> https://trade.padre.gg/rk/ez_money

Discussion: https://t.me/EZMoneyLounge",True,False,False,unknown,es,my_dialogs,2025-05-15 00:49:12,2025-05-14 17:02:12
777000,,Unknown,unknown,0,,,False,True,False,unknown,unknown,my_dialogs,2025-05-15 00:49:12,2025-05-14 15:51:32
2006920485,GEMSCALLSLOUNGE,GEMS CALLS âœ¨| LOUNGE,megagroup,850,https://t.me/GEMSCALLSLOUNGE,,True,False,False,unknown,unknown,my_dialogs,2025-05-15 00:49:13,2025-05-14 15:44:05
2145319335,BurnKingTOP1,å¾…è½¬1,megagroup,439,https://t.me/BurnKingTOP1,,True,False,False,unknown,unknown,my_dialogs,2025-05-15 00:49:13,2025-05-14 15:30:28
1166711830,solana_jupiter,Solana JupiterğŸª,channel,114276,https://t.me/solana_jupiter,"âœ”ï¸Bring blockchain to the people. Solana.com supports experiences for power users, new consumers, and everyone in between.

ğŸ“ŠThe best decentralized liquidity platform, largest DAO & best community in crypto - jup.ag

ğŸ‘‰Message @jupiter_swap",True,False,False,crypto,es,my_dialogs,2025-05-15 00:49:13,2025-05-14 14:43:11
2032290833,BABYDOGE_ON_SOLANA,Babydoge on Solana - Community Takeover,megagroup,316,https://t.me/BABYDOGE_ON_SOLANA,"BABYDOGE ON SOLANA - COMMUNITY TAKEOVER

Join Group:

https://t.me/BABYDOGE_ON_SOLANA

https://www.dextools.io/app/en/solana/pair-explorer/CojiijjmPajVKCxBkmnJZMfGbXQ3pwuw6WpZ6eT91ysh",True,False,False,unknown,unknown,my_dialogs,2025-05-15 00:49:14,2025-05-14 13:36:27
1912614017,HoppyToken,$HOPPY | Community Takeover ğŸ¸ğŸŸ£,megagroup,1985,https://t.me/HoppyToken,"The frog before $PEPE 
Created by Matt Furie Â© 2004
https://www.hoppytoken.com/
https://twitter.com/HOPPYToken",True,False,False,unknown,unknown,my_dialogs,2025-05-15 00:49:14,2025-05-14 13:05:20
2226569455,,Fed. Russian InsidersÂ®,channel,36391,,"â€¢ #CURRENCY | #XAUUSD | #US30 | #BTCUSD And Others
CONTACT VIP :- @Cryptopaid_signals
                           
- Signals Provided With 100% Surety
- Spot And Future Trading Make",False,False,False,crypto,en,my_dialogs,2025-05-15 00:49:14,2025-05-14 11:45:51
1995650640,Smithii_io,Smithii,megagroup,3288,https://t.me/Smithii_io,"The All-in-one Solution for Solana Projects
https://tools.smithii.io/",True,False,False,unknown,unknown,my_dialogs,2025-05-15 00:49:14,2025-05-14 10:28:50
2109349883,pepesolcto,PEPE|ARMY'SğŸ¸ğŸ¸ğŸ¸,channel,1274,https://t.me/pepesolcto,https://t.me/pepearmys,True,False,False,unknown,unknown,my_dialogs,2025-05-15 00:49:14,2025-05-14 08:30:36
2081905761,Sora_solanatoken,Sora Community | $SORA,megagroup,606,https://t.me/Sora_solanatoken,"$SORA

https://t.me/Sora_solanatoken
https://twitter.com/Sora_On_Sol",True,False,False,unknown,unknown,my_dialogs,2025-05-15 00:49:14,2025-05-13 22:19:53
2060276017,Solanawhalesgroup,Solana Whales Group ğŸ³,megagroup,1758,https://t.me/Solanawhalesgroup,"Shill your project for at just 100 Stars , less than 2$ ğŸ¥³

@solanawhalesgroup Created for Solana Hustlers â£ï¸

Raydium slowğŸ‘‹ ? Use the best TG bot - 
  
https://t.me/achilles_trojanbot?start=r-chandupunter

DM @chandupunter for free updates 

#DYOR #NFA",True,False,False,unknown,es,my_dialogs,2025-05-15 00:49:15,2025-05-12 10:23:02
2020123339,SolMemeKallzz,Sol Meme Calls 100x,channel,121601,https://t.me/SolMemeKallzz,"We are a group of expert crypto traders that specialize in premium insider signals mainly on SOL that pump 100x+

Blockchain and Video Proof

DYOR 

Inquiries @ModUnknown",True,False,False,crypto,en,my_dialogs,2025-05-15 00:49:15,2025-05-10 14:46:04
2044652858,,@plays,channel,10442,,"@plays

Admins: @lordz / @souljaboy

Delivering degens with the best ALPHA plays in the space, EARLY! SOL | ETH | BASE | EVM+

We are here to guide and inform, but we cannot be held accountable for any losses incurred. DYOR.",False,False,False,crypto,es,my_dialogs,2025-05-15 00:49:40,2025-05-10 09:18:33
1534833967,CLS_channel,Crypto Launch Search,channel,3827,https://t.me/CLS_channel,"Where we â€œtryâ€ to protect the community from scams and support good projects.

No Financial Advice in all of our posts. Always DYOR before buying.

Eng: @CLS_chat
Ru: @RussianApes

Owner: @babushkaape
Promotion: @cryptosellerbsc",True,False,False,crypto,es,my_dialogs,2025-05-15 00:49:40,2025-05-06 19:14:07
1127393419,MagusQuant,Unknown,unknown,0,https://t.me/MagusQuant,,True,False,False,unknown,unknown,my_dialogs,2025-05-15 00:49:40,2025-05-06 16:05:34
1226145033,MultiForwardBot,Unknown,unknown,0,https://t.me/MultiForwardBot,,True,False,False,unknown,unknown,my_dialogs,2025-05-15 00:49:40,2025-05-05 17:32:46
7118722982,Renviamihermano_bot,Unknown,unknown,0,https://t.me/Renviamihermano_bot,,True,False,False,unknown,unknown,my_dialogs,2025-05-15 00:49:40,2025-05-05 15:06:34
2087886932,Lsnipe_on_sol,$Lsnipe on Solana - Community,megagroup,1096,https://t.me/Lsnipe_on_sol,"Innovative Lazy Sniper on Solana, utilizes AI-power to identify potential tokens, using an algorithm trained on vast datasets, swiftly entering the first block via the super powerful node. Working since December 2023.

Cutting-edge Lazy Sniper on Solana",True,False,False,unknown,es,my_dialogs,2025-05-15 00:49:40,2025-05-02 17:23:33
6899553164,SolanaTradingBot,Unknown,unknown,0,https://t.me/SolanaTradingBot,,True,False,False,unknown,unknown,my_dialogs,2025-05-15 00:49:41,2025-05-01 23:22:17
2152075960,rizztokensol,$RIZZ (Solana) CTO,megagroup,909,https://t.me/rizztokensol,"The rizziest of rizz at the landing.

Website: rizzonsol.io
X: https://x.com/solgotrizz",True,False,False,unknown,es,my_dialogs,2025-05-15 00:49:41,2025-04-30 13:12:01
7097133726,birdcapri,Unknown,unknown,0,https://t.me/birdcapri,,True,False,False,unknown,unknown,my_dialogs,2025-05-15 00:49:41,2025-04-30 11:35:29
7491492438,cabo_pantera_bot,Unknown,unknown,0,https://t.me/cabo_pantera_bot,,True,False,False,unknown,unknown,my_dialogs,2025-05-15 00:49:41,2025-04-30 10:56:42
7384341671,pistola_cabo_pantera_bot,Unknown,unknown,0,https://t.me/pistola_cabo_pantera_bot,,True,False,False,unknown,unknown,my_dialogs,2025-05-15 00:49:41,2025-04-30 10:56:05
8113209614,VFX_1Bot,Unknown,unknown,0,https://t.me/VFX_1Bot,,True,False,False,unknown,unknown,my_dialogs,2025-05-15 00:49:41,2025-04-28 09:29:13
7519429419,,Unknown,unknown,0,,,False,False,False,unknown,unknown,my_dialogs,2025-05-15 00:49:41,2025-04-27 14:41:02
2428210575,,VFX - VIP STRATEGY,megagroup,6,,,False,False,False,forex,unknown,my_dialogs,2025-05-15 00:49:42,2025-04-27 10:44:59
7241731485,,Unknown,unknown,0,,,False,False,False,unknown,unknown,my_dialogs,2025-05-15 00:49:42,2025-04-18 14:07:13
2519075778,dailyvolume,MomentumğŸ“ˆğŸ’·,channel,2,https://t.me/dailyvolume,Daily Signal for multiple Markets,True,False,False,unknown,en,my_dialogs,2025-05-15 00:49:42,2025-04-05 15:44:40
6775104318,,Unknown,unknown,0,,,False,False,False,unknown,unknown,my_dialogs,2025-05-15 00:49:42,2025-02-08 12:31:32
7699710854,,Unknown,unknown,0,,,False,False,False,unknown,unknown,my_dialogs,2025-05-15 00:49:42,2025-01-21 09:19:54
7921449437,,Unknown,unknown,0,,,False,False,False,unknown,unknown,my_dialogs,2025-05-15 00:49:42,2024-12-29 16:27:29
2293258733,,Signals AI VIP London,megagroup,4,,,False,False,False,unknown,en,my_dialogs,2025-05-15 00:49:42,2024-12-22 12:28:36
7885873217,,Unknown,unknown,0,,,False,False,False,unknown,unknown,my_dialogs,2025-05-15 00:49:42,2024-12-05 16:06:16
799315745,rafgraz,Unknown,unknown,0,https://t.me/rafgraz,,True,False,False,unknown,unknown,my_dialogs,2025-05-15 00:49:42,2024-11-16 18:05:27
5052744458,premium125X_bot,Unknown,unknown,0,https://t.me/premium125X_bot,,True,False,False,unknown,unknown,my_dialogs,2025-05-15 00:49:42,2024-11-14 17:56:08
7900110628,,Unknown,unknown,0,,,False,False,False,unknown,unknown,my_dialogs,2025-05-15 00:49:43,2024-11-07 17:23:47
4517889695,,Signals AI VIP London,group,0,,,False,False,False,unknown,en,my_dialogs,2025-05-15 00:49:43,2024-10-19 12:35:17
2078684248,AugmentERC20,Augment,megagroup,1271,https://t.me/AugmentERC20,"First DePIN GPU Network with Onchain Energy Verification.

WED : https://augment.net/",True,False,False,unknown,unknown,my_dialogs,2025-05-15 00:49:43,2024-09-23 17:01:42
6365971799,SignalsAIcryptoandstocks,Unknown,unknown,0,https://t.me/SignalsAIcryptoandstocks,,True,False,False,unknown,unknown,my_dialogs,2025-05-15 00:49:43,2024-09-17 08:46:10
815123852,,Unknown,unknown,0,,,False,False,False,unknown,unknown,my_dialogs,2025-05-15 00:49:43,2024-09-12 14:22:40
6852321353,Vt7r7eje0n9459,Unknown,unknown,0,https://t.me/Vt7r7eje0n9459,,True,False,False,unknown,unknown,my_dialogs,2025-05-15 00:49:43,2024-09-02 12:20:18
7042820070,,Unknown,unknown,0,,,False,False,False,unknown,unknown,my_dialogs,2025-05-15 00:49:43,2024-08-25 05:19:48
7468716359,,Unknown,unknown,0,,,False,False,False,unknown,unknown,my_dialogs,2025-05-15 00:49:43,2024-08-15 08:37:42
2149069564,,Metavers_Crypto,megagroup,3,,,False,False,False,crypto,en,my_dialogs,2025-05-15 00:49:43,2024-08-13 14:44:01
7045970023,,Unknown,unknown,0,,,False,False,False,unknown,unknown,my_dialogs,2025-05-15 00:49:44,2024-08-12 14:49:24
7166890280,,Unknown,unknown,0,,,False,False,False,unknown,unknown,my_dialogs,2025-05-15 00:49:44,2024-08-09 07:16:10
2225704507,CanalDePing,CryptoMetavers,channel,5,https://t.me/CanalDePing,,True,False,False,crypto,en,my_dialogs,2025-05-15 00:49:44,2024-08-07 12:50:21
6141679942,,Unknown,unknown,0,,,False,False,False,unknown,unknown,my_dialogs,2025-05-15 00:49:44,2024-08-03 13:19:58
5434266369,,Unknown,unknown,0,,,False,False,False,unknown,unknown,my_dialogs,2025-05-15 00:49:44,2024-07-31 15:06:27
1534918222,blackpanthercaIIs,Unknown,unknown,0,https://t.me/blackpanthercaIIs,,True,False,False,unknown,unknown,my_dialogs,2025-05-15 00:49:44,2024-07-31 14:15:03
5416976809,nicegram_auth_bot,Unknown,unknown,0,https://t.me/nicegram_auth_bot,,True,False,False,unknown,unknown,my_dialogs,2025-05-15 00:49:44,2024-07-31 13:31:37
93372553,BotFather,Unknown,unknown,0,https://t.me/BotFather,,True,True,False,unknown,unknown,my_dialogs,2025-05-15 00:49:44,2024-07-31 11:36:26
4161511243,,Metavers_Crypto,group,0,,,False,False,False,crypto,en,my_dialogs,2025-05-15 00:49:44,2024-07-31 09:13:40
6988188831,,Unknown,unknown,0,,,False,False,False,unknown,unknown,my_dialogs,2025-05-15 00:49:44,2024-07-31 07:03:16
52504489,userinfobot,Unknown,unknown,0,https://t.me/userinfobot,,True,False,False,unknown,unknown,my_dialogs,2025-05-15 00:49:45,2024-07-30 13:14:41
1604050620,MemeCoin_Whale_Pumps,MemeCoin Whale Pumps,channel,164165,https://t.me/MemeCoin_Whale_Pumps,"Group of 9 WhalesğŸ³ and a HUGE COMMUNITY that PUMP MemeCoins 25x+ On SolanağŸš€ ğŸ“ˆğŸ“ˆ

BUY VIP ACCESS BOT: @MWP_VIP_BOT

@MWP_MOD - VIP Group + General Questions

@MemeCoin_Man (OWNER) - Business Proposals & Marketing",True,False,False,unknown,es,my_dialogs,2025-05-15 00:49:45,2024-07-30 00:06:53
2082001301,trumpepep,Unknown,unknown,0,https://t.me/trumpepep,,True,False,False,unknown,unknown,my_dialogs,2025-05-15 00:49:45,2024-07-29 21:46:16
6487335524,MWP_VIP_BOT,Unknown,unknown,0,https://t.me/MWP_VIP_BOT,,True,False,False,unknown,unknown,my_dialogs,2025-05-15 00:49:45,2024-07-28 22:55:32
2213554575,,VISUALIZE CTO,channel,90,,,False,False,False,unknown,unknown,my_dialogs,2025-05-15 00:49:45,2024-07-26 00:52:04
850434834,username_to_id_bot,Unknown,unknown,0,https://t.me/username_to_id_bot,,True,False,False,unknown,unknown,my_dialogs,2025-05-15 00:49:45,2024-07-25 11:50:35
5769172683,usernamee_to_id_bot,Unknown,unknown,0,https://t.me/usernamee_to_id_bot,,True,False,False,unknown,unknown,my_dialogs,2025-05-15 00:49:45,2024-07-25 11:40:24
4283031860,,PruebasDeping,group,0,,,False,False,False,unknown,unknown,my_dialogs,2025-05-15 00:49:45,2024-07-25 11:04:45
6464937557,SolanaRefferalbot,Unknown,unknown,0,https://t.me/SolanaRefferalbot,,True,False,False,unknown,unknown,my_dialogs,2025-05-15 00:49:45,2024-07-25 09:47:46
7193060262,menelaus_trojanbot,Unknown,unknown,0,https://t.me/menelaus_trojanbot,,True,False,False,unknown,unknown,my_dialogs,2025-05-15 00:49:46,2024-07-21 11:43:50
2190444523,bookofcatserc,Book Of Cats $BOC,channel,40,https://t.me/bookofcatserc,,True,False,False,unknown,unknown,my_dialogs,2025-05-15 00:49:46,2024-07-21 10:48:42
2162008503,ncatsolcto,NCAT CTO on Solana OFFICIAL,channel,737,https://t.me/ncatsolcto,,True,False,False,unknown,unknown,my_dialogs,2025-05-15 00:49:46,2024-06-26 04:43:29
2107240979,vip_leaks_public,VIP LEAKS : PUBLIC,channel,807,https://t.me/vip_leaks_public,"âœ‰ï¸Offer promotion in DM:
@manolis1821

Not Financial Advice.
Always Do your own research",True,False,False,unknown,es,my_dialogs,2025-05-15 00:49:46,2024-06-16 10:18:37
2104237700,SolanasummerCtoportal,Solana Summer Cto portal,channel,688,https://t.me/SolanasummerCtoportal,,True,False,False,unknown,unknown,my_dialogs,2025-05-15 00:49:46,2024-05-28 22:37:36
4150918170,,London VIP,group,0,,,False,False,False,unknown,unknown,my_dialogs,2025-05-15 00:49:46,2024-05-06 05:27:59
6262904053,TranslateMeRo_Bot,Unknown,unknown,0,https://t.me/TranslateMeRo_Bot,,True,False,False,unknown,unknown,my_dialogs,2025-05-15 00:49:46,2024-04-06 14:29:13
2081644150,,Sennales,channel,2,,tu sabes....,False,False,False,unknown,es,my_dialogs,2025-05-15 00:49:47,2024-04-05 11:18:53
2077650490,memecoindegen,MrPunk Cook,channel,11165,https://t.me/memecoindegen,"ONLY DEGENS ARE ALLOWED ğŸ˜

MY CALLS ARE NFA!

OWNER : @Mrpunk88",True,False,False,unknown,unknown,my_dialogs,2025-05-15 00:49:47,2024-03-30 19:27:52
1996641280,verifyWhalesmarket,Verify Whales.market,channel,3267,https://t.me/verifyWhalesmarket,"verification channel for Whalesmarket
 
ğŸŒWebsite: http://whales.market/
ğŸ“²App: http://app.whales.market/ 
ğŸ¦Twitter: https://twitter.com/WhalesMarket 
ğŸ“šDocs: https://docs.whales.market/",True,False,False,unknown,es,my_dialogs,2025-05-15 00:50:11,2023-12-21 12:37:23
1628294091,vortex_FX,Vortex FX,channel,931,https://t.me/vortex_FX,"Ù…Ø§ ØªÛŒÙ… ÙˆÙØ±ØªÚ©Ø³ Ù‡Ø³ØªÛŒÙ…
Ø§ÛŒÙ†Ø¬Ø§ Ù‡Ø³ØªÙ… Ú©Ù‡ Ø´Ù…Ø§ Ø¨Ø§ Ø§Ø·Ù…ÛŒÙ†Ø§Ù† Ù…Ø¹Ø§Ù…Ù„Ù‡ Ú©Ù†ÛŒØ¯

Ù¾Ø´ØªÛŒØ¨Ø§Ù†ÛŒ: @vortex_supportt",True,False,False,forex,unknown,my_dialogs,2025-05-15 00:50:11,2023-08-16 17:44:16
1979362228,tulip_zephir,Ğ—ĞµÑ„Ğ¸Ñ€Ğ½Ñ‹Ğµ Ñ‚ÑĞ»ÑŒĞ¿Ğ°Ğ½Ñ‹,channel,6,https://t.me/tulip_zephir,Ğ Ğ¼Ğ¾ĞµĞ¼ Ñ…Ğ¾Ğ±Ğ±Ğ¸ Ğ¸ Ğ¾ Ğ²Ğ°ÑˆĞ¸Ñ… Ğ²Ğ¿ĞµÑ‡Ğ°Ñ‚Ğ»ĞµĞ½Ğ¸ÑÑ… Ğ¾Ñ‚ Ğ½ĞµĞ³Ğ¾!,True,False,False,unknown,unknown,my_dialogs,2025-05-15 00:50:11,2023-03-16 13:41:33
1543568673,,Forex Income Forever,channel,129794,,"ğŸ“Š | Daily Free Signals
ğŸ¯ | 9 years of Experience

DISCLAIMERğŸš«
Anything shared in this Channel is just my opinion and Analysis of Market, nothing should be considered as financial advise
This Channel is for Educational Purpose

ADMIN ğŸ‘‰ @Pro4ex",False,False,False,forex,en,forex,2025-05-15 17:10:53,2025-05-14 12:45:12
1510625232,,FXStreet Forex News,channel,111067,,"Discover the world of Forex! We provide reliable news, actionable analysis, a timely economic calendar, and expert mentoring to help you make informed trading decisions.

T&C: https://www.fxstreet.com/info/terms-conditions",False,True,False,forex,en,forex,2025-05-15 17:10:53,2025-05-15 14:46:53
1874005803,,FOREX VIP,channel,2819,,,False,False,False,forex,unknown,forex,2025-05-15 17:10:53,2025-05-15 15:05:42
2023253919,forextradingchat1,Forex trading chat,megagroup,345,https://t.me/forextradingchat1,"Join our exclusive Community , to connect with like-minded traders from around the world and take your trading game to the next level.
Share your analyses, charts and discuss forex
@Forextrader288",True,False,False,forex,es,forextrading,2025-05-15 17:10:59,2025-05-15 15:09:36
1242704742,ATPtradinggroup,ATP ForexTrading,megagroup,1222,https://t.me/ATPtradinggroup,"âšœï¸ KÃŠNH THÃ”NG TIN VÃ€ TÃN HIá»†U Cá»¦A Cá»˜NG Äá»’NG ATP 
âšœï¸Äá»‚ ÄÆ¯á»¢C Há»– TRá»¢ VÃ€ GIáº¢I ÄÃP THáº®C Máº®C VUI LÃ’NG LIÃŠN Há»† Há»– TRá»¢
@quyenvu505",True,False,False,forex,en,forextrading,2025-05-15 17:10:59,2023-11-27 03:02:59
1496812657,,FOREX CHAT PRO,megagroup,10144,,"Your go-to for Forex Signals Pro! Real-time market insights, expert analysis, and reliable signals. Maximize profits with us.

ğŸ“ˆ Let my 15+ years of expertise and trustworthy signals lead you through the forex market with assurance. ğŸš€

ğŸ—£ PM >> @amhctg",False,False,False,forex,en,forexmarket,2025-05-15 17:11:07,2025-05-14 17:20:02
1803440179,GoaGame_DamanGame_Games,ğŸ’° JALWAGAME TRADER ğŸ’°,channel,480694,https://t.me/GoaGame_DamanGame_Games,,True,False,False,forex,unknown,trader,2025-05-15 17:11:12,2025-05-15 14:57:56
2354736142,,Serezha Calls ğŸ˜±,channel,130488,,"What is Serezha Calls ?

ğŸŒ€This channel for making money on the Quotex Option platform! @Serezha_Calls

ğŸŒ€We wish you and us good trading @Serezha_Calls

ğŸŒ€Trading is associated with risks, the channel provides recommendations only",False,True,False,crypto,es,pips,2025-05-15 17:11:24,2025-05-15 13:42:03
1262709229,,Forex Signals - Blue Pips,channel,106087,,"Welcome everyone to Blue Pips Community! 

Biggest #Vip Forex Signals Channel since 2018.

Contact @BlueforexSupport to join our VIP Channel and receive all our 15-25 VIP weekly signals

Â© Forex Signals Blue Pips",False,False,False,forex,es,pips,2025-05-15 17:11:24,2025-05-14 15:37:24
1699213319,besttradingForrex_gold,Gold Scalping - Edge TradeğŸ‘‘,channel,17631,https://t.me/besttradingForrex_gold,"FOREX TRADER âœ…âœ…âœ… SURE TRADERS

#FWX #Camiligold #Camilibtc #Camilifx #Camiliforexsignal
#Camilifreetips",True,False,False,forex,unknown,scalping,2025-05-15 17:11:29,2025-05-15 13:54:18
2358935388,Indian_Stock_Mr_Scalper_Scalping,Indian Stock Market,channel,86685,https://t.me/Indian_Stock_Mr_Scalper_Scalping,"Disclaimer:- we are not SEBI registered.
Channel Disclaimer/ disclosure

ğŸ‘‰This channel do not provide any tips/recommendations
ğŸ‘‰All updates/ are only education purpose",True,False,False,unknown,es,scalping,2025-05-15 17:11:29,2025-05-15 10:26:35
1680297592,,GOLD EMPIRE,channel,117432,,"ğŸ“Š| Free Signal & Analysis Daily
ğŸ¯| 9 years of Experience

DISCLAIMERğŸš«
Anything shared in this Channel is just my opinion and Analysis of Market, nothing should be considered as financial advise
This Channel is for Educational Purpose

ADMIN ğŸ‘‰ @Pro4ex",False,False,False,unknown,en,forexmarket,2025-05-16 08:58:12,2025-05-16 06:49:09
2387193632,gtmointernationnal,Gold Trader Mo ğŸ¤´ğŸ½(new),channel,48525,https://t.me/gtmointernationnal,"GTMO International ğŸŒ

ğŸ“£ daily 4-6 Trading Signals
ğŸ“ daily live results

Links:
https://Instagram.com/goldtrdermo
https://x.com/goldtrdermo
https://youtube.com
Admin: @GoldTraderSuppourt",True,False,False,crypto,en,trader,2025-05-16 08:58:16,2025-05-16 05:35:44
1097988869,www_Bitcoin_com,Bitcoin.com News,channel,28508,https://t.me/www_Bitcoin_com,"ğŸš€ Get the latest Bitcoin, crypto, and global economic news in 25+ languages. Stay informed with timely, objective updates from Bitcoin.com News.

ğŸ“¢ Follow us on X: x.com/BTCTN
ğŸŒ Read more: news.bitcoin.com
ğŸ”¥ Advertising: ads@bitcoin.com",True,True,False,crypto,es,bitcoin,2025-05-16 09:05:07,2025-05-16 06:32:07
1769001896,,Coingraph | News,channel,1057033,,"Your #1 destination for the latest and most unbiased market news on Bitcoin, Ethereum, NFT, Fintech, Web3, DeFi, and Blockchain.

DM: @AlexMiller_TN",False,True,False,crypto,es,bitcoin,2025-05-16 09:05:07,2025-05-16 06:18:01
1193342710,bitcoin,Bitcoin,channel,244858,https://t.me/bitcoin,This is the top Telegram channel for #Bitcoin news and information. Inject the orange coin directly into your mind! ğŸŠ,True,False,False,crypto,unknown,bitcoin,2025-05-16 09:05:07,2025-05-16 01:05:43
2310347474,,PORTER â€¢ News âš¡ï¸,channel,772147,,"Porter gives you unparalleled, coverage of crypto & finance in real-time.

DM: @PorterNews",False,True,False,crypto,es,bitcoin,2025-05-16 09:05:07,2025-05-15 20:05:55
1746203369,signalsbitcoinandethereum,Signals - Bitcoin and Ethereum,megagroup,193629,https://t.me/signalsbitcoinandethereum,"Bitcoin will do to banks what email did to the postal industry.

Write me ğŸ‘‰ @SignalsOw",True,True,False,crypto,en,bitcoin,2025-05-16 09:05:07,2025-05-15 18:07:29
1393998726,indodax,INDODAX - Indonesia Bitcoin & Crypto Exchange,channel,106885,https://t.me/indodax,"Platform Jual-beli Bitcoin dan Aset Kripto Terbesar di Indonesia #AsetMasaDepan

https://indodax.info",True,True,False,crypto,es,bitcoin,2025-05-16 09:05:07,2025-05-16 03:01:48
1370468017,komunitascoinvestasi,Coinvestasi - Belajar Investasi BitcoinğŸ’°ğŸ‡®ğŸ‡©,megagroup,42498,https://t.me/komunitascoinvestasi,"Belajar Bitcoin & Crypto gak pake ribet
www.coinvestasi.com 
Follow instagram.com/coinvestasi/
youtube.com/coinvestasi

Coinfest Asia â˜€ï¸ Festival Web3 terbesar di Asia. Beli tiketnya sekarang di ğŸŒ https://coinfest.asia/

Business Partnership: @nkskrdwyn",True,True,False,crypto,es,bitcoin,2025-05-16 09:05:07,2025-05-16 06:35:21
1908682254,,VIP Rose ğŸŒ¹ The Bull Signal,channel,84790,,"Channel link:
https://t.me/+46FPyYAs9UczNWIy",False,False,False,unknown,unknown,bitcoin,2025-05-16 09:05:08,2025-05-15 15:08:33
1756819982,,BITCOIN & CRYPTO POST,channel,26475,,"ğŸ“Š Your premier source for real-time Crypto and Bitcoin market analysis and insights

ğŸ” Daily updates on price movements, technical analysis, and macro trends

ğŸ’¡ Expert commentary on blockchain technology and cryptocurrency ecosystems",False,False,False,crypto,en,bitcoin,2025-05-16 09:05:08,2025-05-15 20:24:03
1696523760,iTokenEthereum,iToken - Ethereum,channel,23168,https://t.me/iTokenEthereum,"A cloud based token spotter for alpha hunters and security conscious investors/traders.

Ad enquiries: @IndyInvest

Log: https://t.me/IndyReviews",True,False,False,crypto,es,ethereum,2025-05-16 09:05:14,2025-05-16 06:59:32
1659246753,ETHNewPairs,Ethereum New Pairs | DexKoala,channel,12360,https://t.me/ETHNewPairs,"A channel that posts all new pairs created on the Ethereum blockchain.
Also on Twitter: 
https://twitter.com/ETHNewPairs

Official channels: 
https://twitter.com/DexKoala
https://t.me/DexKoala

DM @MichaelDexKoala for ads.",True,False,False,crypto,unknown,ethereum,2025-05-16 09:05:14,2025-05-16 06:56:17
1773662224,iTokenLockedEthereum,iToken Locked - Ethereum,channel,9181,https://t.me/iTokenLockedEthereum,"A filtered version of iToken that posts when liquidity is locked / burned. 

Ad enquiries: @IndyInvest

Log: https://t.me/IndyReviews",True,False,False,crypto,es,ethereum,2025-05-16 09:05:14,2025-05-16 06:59:32
1552463629,ethccweek,Ethereum Community Events,megagroup,3656,https://t.me/ethccweek,until ethccweek.fr 2025 ğŸ‘€,True,False,False,crypto,unknown,ethereum,2025-05-16 09:05:14,2025-05-16 03:05:14
1434052694,Ethereumy,Ú¯Ø±ÙˆÙ‡ Ø§ØªØ±ÛŒÙˆÙ… / Ø¢Ù…ÙˆØ²Ø´ ÙÛŒÙˆÚ†Ø±Ø²,channel,3854,https://t.me/Ethereumy,"Ú¯Ø±ÙˆÙ‡ Ø¢Ù…ÙˆØ²Ø´ Ø§ØªØ±ÛŒÙ…ğŸ—
ğŸ
Ù…Ø±Ø¬Ø¹ Ù…Ø¹Ø±ÙÛŒ ØµØ±Ø§ÙÛŒ Ù‡Ø§ÛŒ Ø§ØªØ±ÛŒÙˆÙ… Ùˆ Ø¨ÛŒØªÚ©ÙˆÛŒÙ†",True,False,False,unknown,unknown,ethereum,2025-05-16 09:05:14,2024-11-17 08:14:33
1488831060,Ethereumt,Ğ¡Ğ¡enter â€“ Blockchain and Bitcoin,channel,1149,https://t.me/Ethereumt,"Ğ¡Center is the #1 blockchain community

Contacts: @Andith",True,False,False,crypto,unknown,ethereum,2025-05-16 09:05:15,2024-01-15 13:54:47
1989518223,Crypto_Malik_Prediction_IPL,Crypto Malik Mumbai,megagroup,996080,https://t.me/Crypto_Malik_Prediction_IPL,,True,False,False,crypto,en,crypto,2025-05-16 09:05:23,2025-03-29 16:18:59
2179175763,diuwin_wingos_ok,DAMAN ğŸš€ğŸš€ TASHAN CRYPTO,megagroup,124473,https://t.me/diuwin_wingos_ok,,True,False,False,crypto,en,crypto,2025-05-16 09:05:23,2025-04-20 21:26:38
1892497462,,@crypto news & trends ğŸš€,channel,156283,,"ğŸ’°Swap any crypto â†’ @transact!
ğŸ’Œ @dope / ğŸ’¬ @community
Join our Twitter: x.com/crypto__tg

by @telelabs
www.crypto.tg",False,False,False,crypto,en,crypto,2025-05-16 09:05:23,2025-05-15 19:47:12
1153086394,crypto_azam,Crypto | Azam,channel,205272,https://t.me/crypto_azam,"ĞœÑ‹ Ğ½Ğµ Ğ¿Ğ¸ÑˆĞµĞ¼ Ğ½Ğ¸ĞºĞ¾Ğ¼Ñƒ Ğ² Ğ»Ğ¸Ñ‡ĞºÑƒ! 
Ğ­Ñ‚Ğ¾ ĞµĞ´Ğ¸Ğ½ÑÑ‚Ğ²ĞµĞ½Ğ½Ñ‹Ğ¹ ĞºĞ°Ğ½Ğ°Ğ»! 

Ğ‘Ğ»Ğ¾Ğ³ ÑĞµÑ€Ğ¸Ğ¹Ğ½Ğ¾Ğ³Ğ¾ Ğ¿Ñ€ĞµĞ´Ğ¿Ñ€Ğ¸Ğ½Ğ¸Ğ¼Ğ°Ñ‚ĞµĞ»Ñ. Ğ‘Ğ¸Ğ·Ğ½ĞµÑ, Ğ¸Ğ½Ğ²ĞµÑÑ‚Ğ¸Ñ†Ğ¸Ğ¸, ÑĞ²Ğ¾Ğ±Ğ¾Ğ´Ğ°, Ğ¼Ñ‹ÑˆĞ»ĞµĞ½Ğ¸Ğµ Ğ¸ Ğ¶Ğ¸Ğ·Ğ½ÑŒ Ğ±ĞµĞ· Ğ´ĞµĞºĞ¾Ñ€Ğ°Ñ†Ğ¸Ğ¹

Ğ ĞµĞºĞ»Ğ°Ğ¼Ğ° 
@supp_space_1",True,True,False,crypto,en,crypto,2025-05-16 09:05:23,2025-05-16 06:29:50
1818389486,crypto_Lottery7official,Lottery 7 Official ğŸ…Crypto,channel,194790,https://t.me/crypto_Lottery7official,,True,False,False,crypto,en,crypto,2025-05-16 09:05:23,2025-05-16 03:39:57
2073381104,Diamond_exchange_tiger,Diamond exchange crypto,megagroup,82025,https://t.me/Diamond_exchange_tiger,,True,False,False,crypto,en,crypto,2025-05-16 09:05:24,2025-05-15 12:04:43
1864215962,CryptoCapoTG,CryptoCapo TG,channel,133675,https://t.me/CryptoCapoTG,"Official and free Telegram channel of @CryptoCapo_ from Twitter.

This is the only TG that I have. Beware of scammers. I will never DM you first.",True,False,False,crypto,en,crypto,2025-05-16 09:05:24,2025-05-13 18:15:45
1443526729,crypto_bullet_laser_bookie_line,CRYPTO BULLET,megagroup,175890,https://t.me/crypto_bullet_laser_bookie_line,Join fast ğŸ‘‡,True,False,False,crypto,en,crypto,2025-05-16 09:05:24,2025-05-07 14:19:42
1001795925,Cryptoz,Cryptoz,channel,481648,https://t.me/Cryptoz,"Cryptoz - Web3 crypto agency & media resources.

AMA | Binance Live  | Advertisement | Airdrop | Giveaway  | Education | 

CEO: @apollon_trade
Bd: @r1v3r6

Buy ads: https://telega.io/c/cryptoz

Chat @cryptoz_chat
Trade @cryptoz_trade 

Not financial advic",True,True,False,crypto,es,crypto,2025-05-16 09:05:24,2025-05-16 06:06:27
1119474689,Cryptoy,Cryptoy â‚¿,channel,79627,https://t.me/Cryptoy,,True,True,False,crypto,en,crypto,2025-05-16 09:05:24,2025-05-09 06:11:12
1488075213,cryptocurrency_media,CRYPTO NEWS,channel,50586,https://t.me/cryptocurrency_media,"Unleash the Power of Crypto News: Join the Original Telegram Source (Since 2017)

 Get ahead of the curve with real-time crypto news, in-depth analysis, and a thriving community at @cryptocurrency_media !

Boasting 100% authentic members!

#crypto #trade",True,False,False,crypto,en,cryptocurrency,2025-05-16 09:05:29,2025-05-16 06:34:53
1242468335,ttcoinofficial,TTcoin | Cryptocurrency,channel,113491,https://t.me/ttcoinofficial,"TTcoin is a coin with its own blockchain https://tscscan.com . It also has smart contracts BEP20 - TRC20. It has over 20 million mobile miners.

ğŸ”—https://ttcoin.info

Global Group: https://t.me/TTcoinWorld
TTcoin Trees: https://t.me/TTcoinTrees",True,True,False,crypto,es,cryptocurrency,2025-05-16 09:05:29,2025-05-10 18:38:06
1003016265,cryptocurrency,Cryptocurrencies Channel,channel,5751,https://t.me/cryptocurrency,"Contact / proposals, message to ğŸ‘‰ğŸ¼ @bitchannelsbot

Bitcoin news: @bitcoinchannel ğŸ“¢
Trading: @bitcoinsignals â°
Altcoins: @altcoin ğŸ“£
Extended updates: @emergingcrypto ğŸ“¡
DAPPS: @ethereumdapps ğŸ”¹
Shopping with BTC: @bitcoinaccepted
Japanese: @btcjp",True,False,False,crypto,en,cryptocurrency,2025-05-16 09:05:30,2025-05-16 05:54:00
1882537606,guidetocryptocurrency,Cryptomaniacâ€™s guide to cryptocurrency,channel,24007,https://t.me/guidetocryptocurrency,Change your life with crypto currency. Message me  @cryptomaniac10x for any guidance and mentorship in crypto. ğŸš€âœ…,True,False,False,crypto,es,cryptocurrency,2025-05-16 09:05:30,2025-05-15 10:34:04
1603417521,intelligentcryptocurrencypublic,Intelligent Cryptocurrency,channel,10540,https://t.me/intelligentcryptocurrencypublic,Public Updates from Intelligent Cryptocurrency,True,False,False,crypto,es,cryptocurrency,2025-05-16 09:05:30,2025-05-15 17:50:07
2178709112,ST_Investment_Channel_09,ST Investment Group Cryptocurrency News,channel,23856,https://t.me/ST_Investment_Channel_09,,True,False,False,crypto,en,cryptocurrency,2025-05-16 09:05:38,2025-01-10 19:41:45
1163018514,coinlegs,Coinlegs Cryptocurrency Signals,channel,6123,https://t.me/coinlegs,"Telegram Bot: @CoinlegsBot
Admin: @Coin_Legs",True,False,False,crypto,en,cryptocurrency,2025-05-16 09:05:38,2025-03-11 15:32:07
1196742636,forexlive,Forex Live: FX & Cryptocurrency News,megagroup,17223,https://t.me/forexlive,"Welcome to Forex Live's Telegram group. Traders meet here to get news, share views, ask questions, and exchange ideas. Sharing commercial links or overtly promoting products, firms, and coins is prohibited, and will cause an immediate ban. Trade well!",True,False,False,forex,es,cryptocurrency,2025-05-16 09:05:38,2025-05-16 06:38:12
1226870923,cryptocurrencyj,Crypto,megagroup,1824,https://t.me/cryptocurrencyj,"Crypto nvestment project is a product of careful preparation and fruitful analyst work of experts in the field of mining, signal, highly profitable trade in cryptocurrencies and online marketing.",True,False,False,crypto,en,cryptocurrency,2025-05-16 09:05:38,2025-05-16 07:01:50
1489566444,cryptocurrency8,crypto,megagroup,271,https://t.me/cryptocurrency8,Ø¢Ù…ÙˆØ²Ø´ Ø§Ø² ØµÙØ± ØªØ§ ØµØ¯ Ø§Ø±Ø²Ù‡Ø§ÛŒ Ø¯ÛŒØ¬ÛŒØªØ§Ù„ Ùˆ Ø¯Ø±Ø¢Ù…Ø¯ Ø¢Ø³Ø§Ù† Ø§Ø² Ø·Ø±ÛŒÙ‚ ØªØ¬Ø§Ø±Øª Ø¯Ø± ØµØ±Ø§ÙÛŒ Ù‡Ø§ÛŒ Ø¨ÛŒÙ† Ø§Ù„Ù…Ù„Ù„ÛŒ Ùˆ Ø¯Ø§Ø®Ù„ÛŒ,True,False,False,crypto,en,cryptocurrency,2025-05-16 09:05:38,2025-05-15 16:27:03
2042463052,cryptostream_research,Cryptostream's Altcoin Research,channel,3547,https://t.me/cryptostream_research,"In this channel:

- Narratives
- Trade Ideas
- Crypto News
- Token Launches",True,False,False,crypto,es,altcoin,2025-05-16 09:05:42,2025-05-16 06:56:46
1005254228,altcoin,Altcoins Channel,channel,6507,https://t.me/altcoin,"Channel for altcoins news and signals.
Contact / proposals, message to ğŸ‘‰ğŸ¼ @bitchannelsbot 

OTHER CHANNELS:
@bitcoinchannel ğŸ“£
@bitcoinsignals â°
@cryptocurrency ğŸ“¢
@emergingcrypto ğŸ“¡
@ethereumdapps ğŸ”¹
@bitcoinaccepted ğŸ›
@btcjp ğŸ‡¯ğŸ‡µ",True,False,False,crypto,en,altcoin,2025-05-16 09:05:42,2025-05-16 05:32:45
2002932829,altcoinsenseigems,Altcoin Sensei | PRINT HOUSE ğŸ–¨ï¸ğŸ ,channel,2483,https://t.me/altcoinsenseigems,,True,False,False,crypto,unknown,altcoin,2025-05-16 09:05:42,2025-05-15 09:42:03
1365777738,altcoinpost1,Altcoinpost,channel,10082,https://t.me/altcoinpost1,"Daily crypto news and insights ğŸ³
Promotions/Ads â®• @barbarosssa
Instagram www.instagram.com/altcoinpost



#crypto #bitcoin #btc #ethereum #solana #xrp #ripple",True,False,False,crypto,en,altcoin,2025-05-16 09:05:42,2025-05-16 06:50:32
1450090343,,Altcoin Buzz,megagroup,9850,,https://linktr.ee/AltcoinBuzz,False,False,False,crypto,unknown,altcoin,2025-05-16 09:05:42,2025-05-15 07:40:09
1139662405,AltcoinWolves,Altcoin Wolves ğŸº,channel,8395,https://t.me/AltcoinWolves,Crypto Market TA.,True,False,False,crypto,en,altcoin,2025-05-16 09:05:42,2025-05-15 13:39:01
1128974741,Altcoins,Altcoins OGs,megagroup,684,https://t.me/Altcoins,"This groups is for Altcoin discussion, please visit @Whaleclubbtc for bitcoin discussion.

Listed in @CryptoGroups",True,False,False,crypto,en,altcoin,2025-05-16 09:05:42,2024-02-18 07:51:55
1313445784,altcoin8,ALTCOIN,channel,113,https://t.me/altcoin8,"ĞĞ±Ğ·Ğ¾Ñ€Ñ‹ Ğ±Ğ»Ğ¾ĞºÑ‡ĞµĞ¹Ğ½ Ğ¿Ñ€Ğ¾ĞµĞºÑ‚Ğ¾Ğ² Ğ¸ ĞºÑ€Ğ¸Ğ¿Ñ‚Ğ¾Ğ²Ğ°Ğ»ÑÑ‚, ÑƒÑ‡Ğ°ÑÑ‚Ğ¸Ğµ Ğ² Ğ»ÑƒÑ‡ÑˆĞ¸Ñ… Ğ±Ğ°ÑƒĞ½Ñ‚Ğ¸ ĞºĞ°Ğ¼Ğ¿Ğ°Ğ½Ğ¸ÑÑ… Ğ¸ Ğ°Ğ¸Ñ€Ğ´Ñ€Ğ¾Ğ¿Ğ°Ñ…, Ğ°Ğ½Ğ°Ğ»Ğ¸Ğ· Ğ°Ğ»ÑŒÑ‚ĞºĞ¾Ğ¸Ğ½Ğ¾Ğ².
Youtube-ĞºĞ°Ğ½Ğ°Ğ» ALTCOIN: https://www.youtube.com/channel/UCojkBn4PLbMt8pQtXRM6FeA",True,False,False,crypto,unknown,altcoin,2025-05-16 09:05:43,2021-11-17 16:01:40
1757490383,altcoino,Altcoin,channel,2,https://t.me/altcoino,,True,False,False,crypto,unknown,altcoin,2025-05-16 09:05:43,2024-04-18 14:19:59
1279597711,,æ–¹ç¨‹å¼æ–°é—» BWEnews,channel,56834,,"The fastest&alpha only crypto news media, we strive to make high quality information accessiable via the globe.
RSS: https://rss-public.bwe-ws.com/

ğŸš€é€Ÿåº¦æœ€å¿«çš„åè¯­åª’ä½“æ²¡æœ‰ä¹‹ä¸€
æˆ‘ä»¬è‡´åŠ›äºè®©é«˜è´¨é‡ä¿¡æ¯ä¼ æ’­å¾—æ›´åŠ é«˜æ•ˆä¸”å…è´¹ã€‚
Twitter: @bwenews
ToSæœåŠ¡æ¡æ¬¾: https://t.co/BjpkEKUMcY",False,False,False,crypto,es,binance,2025-05-16 09:05:48,2025-05-16 06:36:20
1365086777,BinanceUkrainian,Binance Ukrainian,megagroup,34149,https://t.me/BinanceUkrainian,"ĞÑ„Ñ–Ñ†Ñ–Ğ¹Ğ½Ğ° Ğ³Ñ€ÑƒĞ¿Ğ° Binance Ğ£ĞºÑ€Ğ°Ñ—Ğ½Ğ°ğŸ‡ºğŸ‡¦

ĞŸÑ€Ğ°Ğ²Ğ¸Ğ»Ğ°: /rules 

ğŸ”¸ĞĞ¾Ğ²Ğ¸Ğ½Ğ¸: @Binance_UA_official
ğŸ”¸YouTube: youtube.com/BinanceUkraine
ğŸ”¸Instagram: instagram.com/binanceukraine
ğŸ”¸TikTok: tiktok.com/@binanceukraine
ğŸ”¸X: x.com/BinanceUkraine
ğŸ”¸Twitch: twitch.tv/binance",True,True,False,crypto,es,binance,2025-05-16 09:05:48,2025-05-16 07:04:26
1240173821,BinanceFutures_Official,Binance Futures & Options Official [EN],megagroup,6390,https://t.me/BinanceFutures_Official,"Binance Futures Website:
https://www.binance.com/en/futures/

Official Campaign TG Bot:
http://t.me/OfficialBinanceFuturesBot

Binance Futures Testnet:
https://testnet.binancefuture.com/en/futures/BTCUSDT

Don't trust anyone DM'ing you first.",True,True,False,crypto,es,binance,2025-05-16 09:05:48,2025-05-16 06:53:03
1146915409,binance_announcements,Binance Announcements,channel,5521737,https://t.me/binance_announcements,"Binance Official English Group
@binanceexchange
Binance Official Chinese Group
@BinanceChinese

Binance English Announcements
@binance_announcements
Binance Chinese Announcements
@binance_cn",True,True,False,crypto,es,binance,2025-05-16 09:05:48,2025-05-16 04:01:09
2215700757,Binance_Moonbix_Announcements,Binance Moonbix Announcements,channel,4459794,https://t.me/Binance_Moonbix_Announcements,"Moonbix is a Binance crypto-themed game on Telegram Mini App game. Explore the galaxy, collect items, and boost your score!

Play Now: https://t.me/Binance_Moonbix_bot/start 
Join The Community: @binance_announcements",True,True,False,crypto,en,binance,2025-05-16 09:05:48,2025-02-12 08:16:13
1385871284,,Binance Trade,channel,4632,,,False,False,False,crypto,unknown,binance,2025-05-16 09:05:48,2025-05-16 06:49:43
1235891460,,BINANCE CRYPTO,channel,1941,,,False,False,False,crypto,en,binance,2025-05-16 09:05:48,2025-05-15 18:23:07
1216760360,binancek,Binance,channel,502,https://t.me/binancek,"Ğ˜Ğ½Ñ„Ğ¾Ñ€Ğ¼Ğ°Ñ†Ğ¸Ñ Ğ¿Ğ¾ Ğ½Ğ¾Ğ²Ğ¾ÑÑ‚ÑĞ¼ Ğ½Ğ° Ğ±Ğ¸Ñ€Ğ¶Ğµ Ğ±Ğ¸Ğ½Ğ°Ğ½Ñ Ğ¸ Ğ¿Ñ€Ğ¾Ñ‡Ğ¸Ğµ ĞºÑ€Ğ¸Ğ¿Ñ‚Ğ¾ Ğ½Ğ¾Ğ²Ğ¾ÑÑ‚Ğ¸
My referral 22850978
https://www.binance.com/?ref=22850978",True,False,False,crypto,unknown,binance,2025-05-16 09:05:49,2021-10-12 14:14:43
2016627826,Positional_Calls_Swing_Trading,Equity Swing Positional Trading Calls,megagroup,558132,https://t.me/Positional_Calls_Swing_Trading,,True,False,True,crypto,en,trading,2025-05-16 09:05:53,2025-05-08 07:14:56
1823497790,,Trade Watcher,channel,3703757,,"ğŸ“ˆ All the latest updates on the Stock Market: signals, news, and everything that might move the narrative â€” all in one place.

ğŸ˜‰ We keep an eye on the price; you can just watch us do it.

Buy Ads: @bobbyADS (this is our only account).",False,False,False,unknown,en,trading,2025-05-16 09:05:53,2025-05-16 05:35:20
1201452227,PROBTRADING,PRO CRYPTO TRADING,channel,77793,https://t.me/PROBTRADING,"âœ…ĞŸĞ¾ Ğ²Ğ¾Ğ¿Ñ€Ğ¾ÑĞ°Ğ¼ ÑĞ¾Ñ‚Ñ€ÑƒĞ´Ğ½Ğ¸Ñ‡ĞµÑÑ‚Ğ²Ğ°: 
1ï¸âƒ£ĞŸĞ¾Ñ‡Ñ‚Ğ°: sales@pro-blockchain.com
2ï¸âƒ£Telegram: https://t.me/problockchain_sales",True,False,False,crypto,en,trading,2025-05-16 09:05:53,2025-05-16 07:05:41
1831181670,the_trading_femme_neha_jareda_g,The trading femme,megagroup,38739,https://t.me/the_trading_femme_neha_jareda_g,,True,False,False,crypto,en,trading,2025-05-16 09:05:53,2025-05-14 12:37:36
2100640988,Best_Trading_Group_On_Telegram,Best Trading Group On Telegram,megagroup,16940,https://t.me/Best_Trading_Group_On_Telegram,,True,False,False,crypto,es,trading,2025-05-16 09:05:53,2025-03-27 05:06:55
1164734593,spidersjournal,SpiderCrypto Trading Journal,channel,33379,https://t.me/spidersjournal,"Follow my journal for defi, NFTs, crypto, and shitcoins.

https://twitter.com/SpiderCrypto0x

I take paid deals at times so DONT BUY EVERYTHING I POST.

DM: @spidercrypto0x",True,False,False,crypto,en,trading,2025-05-16 09:05:54,2025-05-15 22:02:28
1768010962,,TRADING SIGNALS ğŸš€ FOREX SCALPING,channel,8803,,,False,False,False,forex,en,trading,2025-05-16 09:05:54,2023-09-03 22:10:56
1195487806,tradingo,Investimenti Trading e Crypto,channel,3806,https://t.me/tradingo,Analisi e previsioni per Investimenti trading online e criptovalute,True,False,False,crypto,en,trading,2025-05-16 09:05:54,2025-05-15 11:25:24
1111607220,Pro_Blockchain,Pro Blockchain,channel,255516,https://t.me/Pro_Blockchain,"ĞšĞ°Ğ½Ğ°Ğ» Ğ¿Ñ€Ğ¾ Bitcoin, Ğ‘Ğ»Ğ¾ĞºÑ‡ĞµĞ¹Ğ½, ĞšÑ€Ğ¸Ğ¿Ñ‚Ğ¾Ğ²Ğ°Ğ»ÑÑ‚Ñ‹, Ğ¢Ñ€ĞµĞ¹Ğ´Ğ¸Ğ½Ğ³, Ğ˜Ğ½Ğ²ĞµÑÑ‚Ğ¸Ñ†Ğ¸Ğ¸. 

âœ…ĞŸĞ¾ Ğ²Ğ¾Ğ¿Ñ€Ğ¾ÑĞ°Ğ¼ ÑĞ¾Ñ‚Ñ€ÑƒĞ´Ğ½Ğ¸Ñ‡ĞµÑÑ‚Ğ²Ğ°: 
1ï¸âƒ£ĞŸĞ¾Ñ‡Ñ‚Ğ°: sales@pro-blockchain.com
2ï¸âƒ£Telegram: https://t.me/problockchain_sales

ğŸ’Ğ‘Ğ¾Ğ½ÑƒÑ Ğ¢ĞĞŸ 10 ĞºÑ€Ğ¸Ğ¿Ñ‚Ğ¾Ğ²Ğ°Ğ»ÑÑ‚:
https://goo.su/tFVh5",True,False,False,crypto,es,blockchain,2025-05-16 09:06:09,2025-05-16 06:51:29
2140267755,PROBLOCKCHAINSQUAD,PRO BLOCKCHAIN SQUAD,channel,464739,https://t.me/PROBLOCKCHAINSQUAD,"NOTCOIN | ĞĞ›Ğ¬Ğ¢ĞšĞĞ˜ĞĞ« | ĞœĞ•ĞœĞšĞĞ˜ĞĞ«

âœ…ĞŸĞ¾ Ğ²Ğ¾Ğ¿Ñ€Ğ¾ÑĞ°Ğ¼ ÑĞ¾Ñ‚Ñ€ÑƒĞ´Ğ½Ğ¸Ñ‡ĞµÑÑ‚Ğ²Ğ°: 
1ï¸âƒ£ĞŸĞ¾Ñ‡Ñ‚Ğ°: sales@pro-blockchain.com
2ï¸âƒ£Telegram: https://t.me/problockchain_sales",True,False,False,crypto,es,blockchain,2025-05-16 09:06:09,2025-05-16 07:01:29
1449247732,blockchain,Blockchain.com,channel,26568,https://t.me/blockchain,"The official Telegram channel for the Blockchain.com team. You can verify that it's us by checking the handle @blockchain our support article here: 

 https://support.blockchain.com/hc/en-us/articles/4413805384852-What-are-the-most-common-scams-",True,True,False,crypto,es,blockchain,2025-05-16 09:06:09,2023-11-20 14:25:44
1284662604,tectumglobal,TECTUM ğŸ”— Fastest Blockchain & SoftNote,megagroup,76911,https://t.me/tectumglobal,"âœ”ï¸ Buy $TET on Uniswap: https://loom.ly/clby_yM

â¡ï¸ Official Links https://linktr.ee/tectumsoftnote

â¡ï¸ ANN Channel : https://t.me/tectumdriven

â¡ï¸ SN Website: softnote.com
â¡ï¸ Tectum Website: tectum.io",True,True,False,crypto,es,blockchain,2025-05-16 09:06:10,2025-05-16 06:55:53
2095848553,EuropeanBlockchainConvention,European Blockchain Convention Official,megagroup,2379,https://t.me/EuropeanBlockchainConvention,"Stay updated with the latest news and announcements for both the European Blockchain Convention and Digital Assets Forum.

https://eblockchainconvention.com/",True,True,False,crypto,es,blockchain,2025-05-16 09:06:10,2025-05-16 04:34:36
1406980245,inery_blockchain,Inery Official Community,megagroup,11266,https://t.me/inery_blockchain,"Welcome to Inery's official Telegram community! ğŸ‘‹ Inery is a decentralized database management system built on a proprietary layer-1 blockchain solution. ğŸŒ 

With Inery, Web3 is just a node away!",True,True,False,crypto,unknown,blockchain,2025-05-16 09:06:10,2025-05-16 04:39:37
1221467391,blockchainm,Blockchain Malaysia,megagroup,739,https://t.me/blockchainm,,True,False,False,crypto,unknown,blockchain,2025-05-16 09:06:10,2025-05-16 07:05:57
1059347396,blockchains,Blockchain Tech,megagroup,202,https://t.me/blockchains,For Sale,True,False,False,crypto,unknown,blockchain,2025-05-16 09:06:11,2025-05-03 09:05:28
1631369967,blockchainr,Blockchainr announcements,channel,106,https://t.me/blockchainr,"One dashboard, all of your assets.",True,False,False,crypto,unknown,blockchain,2025-05-16 09:06:11,2022-05-10 09:54:50
1159397501,CryptoEcChanel,Criptomonedas Ecuador - Canal,channel,494,https://t.me/CryptoEcChanel,El primer canal del Ecuador dedicado Ãºnicamente a la educaciÃ³n en criptomonedas.,True,False,False,crypto,es,criptomonedas,2025-05-16 09:06:13,2025-05-16 01:55:50
1851581815,elcomerciogroup,El Comercio: Criptomonedas Group,megagroup,417,https://t.me/elcomerciogroup,@elcomercio_cripto,True,False,False,crypto,es,criptomonedas,2025-05-16 09:06:14,2022-10-24 19:46:35
1572736816,bitcoinycriptomonedasoficial,Noticias Criptomonedas,channel,1257,https://t.me/bitcoinycriptomonedasoficial,Canal Oficial Noticias Criptomonedas Youtube,True,False,False,crypto,es,criptomonedas,2025-05-16 09:06:14,2023-01-12 20:00:15
1648054603,criptomonedas_colombia,Criptomonedas Colombia ğŸ‡¨ğŸ‡´ğŸ“ˆğŸ“‰,megagroup,888,https://t.me/criptomonedas_colombia,Grupo creado con el objetivo de orientar a los inversores en Criptomonedas en Colombia a sacar el mÃ¡ximo provecho de la tecnologÃ­a Blockchain.,True,False,False,crypto,es,criptomonedas,2025-05-16 09:06:14,2025-05-16 04:39:24
1195509444,cryptos_es,Criptomonedas ğŸ“ˆ,megagroup,692,https://t.me/cryptos_es,"Soporte para inversiÃ³n, trading y staking con criptomonedas. Opiniones sobre Bitcoin, Ethereum, Polkadot, Cardano y mÃ¡s proyectos blockchain. Grupo moderado en espaÃ±ol.",True,False,False,crypto,es,criptomonedas,2025-05-16 09:06:14,2025-05-16 06:16:55
1862082422,senales_cripto_trabajo_online,Senales Criptomonedas Trabajo Online,channel,38985,https://t.me/senales_cripto_trabajo_online,"â–¶ï¸La informaciÃ³n del canal no es asesoramiento financiero.
â—ï¸Advertencia: Operar en Forex y con apalancamiento conlleva riesgo y posible pÃ©rdida de capital.
Normas completas en el mensaje fijado",True,False,False,crypto,es,criptomonedas,2025-05-16 09:06:14,2025-05-15 23:03:53
2316954490,intercambio_IDC,ğ—œğ—»ğ˜ğ—²ğ—¿ğ—°ğ—®ğ—ºğ—¯ğ—¶ğ—¼ - ğ——ğ—¶ğ˜ƒğ—¶ğ˜€ğ—®ğ˜€ ğ˜† ğ—–ğ—¿ğ—¶ğ—½ğ˜ğ—¼ğ—ºğ—¼ğ—»ğ—²ğ—±ğ—®ğ˜€,megagroup,3141,https://t.me/intercambio_IDC,"Crypto exchange Cuba ViPğŸ‘‘
Contamos con un sistema de miembros verificados avanzados, evite ser estafad@ en otros gruposğŸ¤",True,False,False,crypto,es,criptomonedas,2025-05-16 09:06:14,2025-05-16 04:32:38
1820698480,criptomonedasp,Inverarg: invertir en Bolsa Y criptomonedas,channel,1020,https://t.me/criptomonedasp,"https://youtube.com/@inverarg

Inverarg: canal invertir en Bolsa Y criptomoedas para manejo de cuentas en criptomonedas, videos de YouTube y programas de inversiÃ³n.

mensaje : @Inverargcriptomonedas",True,False,False,crypto,es,criptomonedas,2025-05-16 09:06:14,2024-10-25 12:47:16
1926098093,CRIPTOMONEDAS4,CRIPTOMONEDAS 18+,channel,102,https://t.me/CRIPTOMONEDAS4,"Buy crypto - https://clck.ru/SVGBk

FREE BONUS CASINO -  https://1huh.short.gy/1WIN_casino

FREE BET - https://1huh.short.gy/regg",True,False,False,crypto,es,criptomonedas,2025-05-16 09:06:14,2025-02-10 10:03:31
1386212030,scopuly,Scopuly - Stellar DeFi Platform,megagroup,21020,https://t.me/scopuly,"Scopuly - Stellar DeFi Wallet
News: @scopulynews
Website: scopuly.com
X: x.com/scopuly",True,True,False,crypto,unknown,defi,2025-05-16 09:06:18,2025-05-16 07:02:18
1569666929,unfolded_defi,unfolded. DeFi,channel,20555,https://t.me/unfolded_defi,Latest DeFi market insights | @unfolded,True,False,False,crypto,es,defi,2025-05-16 09:06:18,2025-05-15 21:31:17
1699332255,TheTribunalCourt,The Tribunal Court of Defi,channel,6214,https://t.me/TheTribunalCourt,"Owners:  @NFTDefiFutures


Discussion channel: https://t.me/TribunalCourtOfDefiChat",True,False,False,crypto,es,defi,2025-05-16 09:06:18,2025-05-15 16:39:53
1343577910,de_fi,DeFi,megagroup,8853,https://t.me/de_fi,,True,False,False,crypto,unknown,defi,2025-05-16 09:06:18,2025-05-15 17:56:07
2184522753,CallAnalyserEth,Call Analyser (ETH Only),channel,0,https://t.me/CallAnalyserEth,,True,False,False,crypto,unknown,my_dialogs,2025-05-16 17:48:32,
2321076452,CallAnalyserSUI,Call Analyser (SUI only),channel,0,https://t.me/CallAnalyserSUI,,True,False,False,unknown,unknown,my_dialogs,2025-05-16 17:48:33,
7823596188,VFX_FX2,Unknown,unknown,0,https://t.me/VFX_FX2,,True,False,False,unknown,unknown,my_dialogs,2025-05-16 17:48:33,
1948900072,CallAnalyserBase,Call Analyser (BASE only),channel,0,https://t.me/CallAnalyserBase,,True,False,False,unknown,unknown,my_dialogs,2025-05-16 17:48:33,
2294881792,CallAnalyserBSC,Call Analyser (BSC Only),channel,0,https://t.me/CallAnalyserBSC,,True,False,False,unknown,unknown,my_dialogs,2025-05-16 17:48:33,
2065116198,CallAnalyserTON,Call Analyser (TON only),channel,0,https://t.me/CallAnalyserTON,,True,False,False,unknown,unknown,my_dialogs,2025-05-16 17:48:33,
1917344113,CallAnalyserPortal,Call Analyser Announcement,channel,0,https://t.me/CallAnalyserPortal,,True,False,False,unknown,unknown,my_dialogs,2025-05-16 17:48:34,
2210899309,CallAnalyserTRX,Call Analyser (TRX only),channel,0,https://t.me/CallAnalyserTRX,,True,False,False,unknown,unknown,my_dialogs,2025-05-16 17:48:34,
